,SOLI,SAP_CUS,TASK_PRIOR,Latitude
0,015882870030,0000000381,744,24
1,015882872040,0000000381,744,25
2,015882883030,0000000381,744,25
3,015882881030,0000000381,744,25
4,015882880030,0000000381,744,25
5,015882880040,0000000381,744,25
6,015882870050,0000000381,744,24
7,015882873050,0000000381,744,24
8,017189487010,0000000361,739,5
9,017173066010,0000000306,738,24
10,017225766010,0000044924,704,26
11,017224983010,0000044924,760,23
12,017159837010,0000000306,758,-8
13,017206858010,0000000306,768,57
14,017165513010,0000000306,778,36
15,017158517010,0000000306,738,31
16,017155871010,0000000306,758,37
17,017158520010,0000000306,758,32
18,017165567010,0000000306,748,37
19,017159868010,0000000306,758,-7
20,017156212010,0000000306,718,34
21,017159843010,0000000306,738,-8
22,017077962010,0000000361,739,35
23,017156131010,0000000306,778,33
24,017165594010,0000000306,778,38
25,017224589010,0000000306,698,5
26,017156236010,0000000306,768,36
27,017148446010,0000000306,718,3
28,017173079010,0000000306,708,25
29,017171984010,0000000306,698,32
30,017156218010,0000000306,718,35
31,017156224010,0000000306,778,34
32,017216608010,0000000306,758,56
33,017171868010,0000000306,778,31
34,017171825010,0000000306,718,27
35,017165576010,0000000306,738,38
36,017152584010,0000000306,718,1
37,017148513010,0000000306,738,4
38,017148649010,0000000306,718,2
39,017152457010,0000000306,738,-3
40,017159851010,0000000306,738,-8
41,017152460010,0000000306,738,-2
42,017172943010,0000000306,718,26
43,017156122010,0000000306,778,34
44,017156124010,0000000306,778,34
45,017148654010,0000000306,698,2
46,017152444010,0000000306,738,-2
47,017148645010,0000000306,708,2
48,017156263010,0000000306,778,37
49,017148632010,0000000306,718,5
50,017159829010,0000000306,738,-8
51,015895136240,0000055772,734,31
52,017158530010,0000000306,748,33
53,017191531010,0000000306,778,34
54,017171926010,0000000306,788,30
55,017156264010,0000000306,768,37
56,017158557010,0000000306,788,34
57,017173073010,0000000306,708,24
58,017173093010,0000000306,788,24
59,017191550010,0000000306,778,37
60,017158474010,0000000306,768,31
61,017152479010,0000000306,708,-3
62,017155878010,0000000306,788,37
63,017155882010,0000000306,788,37
64,017159800010,0000000306,738,-7
65,017159870010,0000000306,758,-7
66,017152602010,0000000306,718,1
67,017156123010,0000000306,788,33
68,017152591010,0000000306,708,2
69,017165496010,0000000306,778,36
70,017155873010,0000000306,768,37
71,017152466010,0000000306,708,-1
72,017080652010,0000000306,758,57
73,017080605010,0000000306,768,54
74,017156228010,0000000306,698,35
75,017152595010,0000000306,718,0
76,017152432010,0000000306,718,-3
77,017216616010,0000000306,768,58
78,017165637010,0000000306,788,40
79,017148471010,0000000306,698,2
80,017152473010,0000000306,718,0
81,017159831010,0000000306,748,-8
82,017173051010,0000000306,708,23
83,017191528010,0000000306,788,33
84,017158567010,0000000306,758,35
85,017171978010,0000000306,708,31
86,017152468010,0000000306,708,0
87,017158465010,0000000306,758,30
88,017159902010,0000000306,758,-7
89,017148453010,0000000306,718,4
90,017158532010,0000000306,738,34
91,017156112010,0000000306,788,33
92,017191542010,0000000306,718,35
93,017159825010,0000000306,758,-7
94,017159797010,0000000306,738,-7
95,017152448010,0000000306,738,-3
96,017152442010,0000000306,718,-3
97,017148459010,0000000306,738,3
98,017148437010,0000000306,758,2
99,015410876050,0000000331,801,29
100,017159835010,0000000306,748,-7
101,017152461010,0000000306,738,-2
102,017173137010,0000000306,698,26
103,017173142010,0000000306,708,26
104,017173072010,0000000306,708,24
105,017152583010,0000000306,738,0
106,017156192010,0000000306,778,34
107,017155879010,0000000306,788,37
108,017080619010,0000000306,768,54
109,017226411010,0000044924,760,45
110,017171987010,0000000306,718,32
111,017152472010,0000000306,738,-3
112,017156148010,0000000306,788,33
113,017159901010,0000000306,778,-7
114,017152449010,0000000306,738,-2
115,017219294010,0000044924,760,31
116,017191511010,0000000306,788,24
117,015289486140,0000100069,754,2
118,017158467010,0000000306,778,30
119,017159847010,0000000306,748,-8
120,017220576010,0000035915,741,9
121,017080701010,0000000306,758,55
122,017148643010,0000000306,748,5
123,017158565010,0000000306,738,35
124,017159893010,0000000306,748,-8
125,017156129010,0000000306,788,33
126,017171997010,0000000306,718,32
127,015316480010,0000000331,801,30
128,015290247020,0000000331,801,-6
129,017173060010,0000000306,768,24
130,015800230070,0000055772,764,23
131,017165606010,0000000306,778,39
132,017159850010,0000000306,748,-8
133,017158556010,0000000306,778,34
134,017222428010,0000044924,704,26
135,017223520010,0000000306,788,50
136,017223521010,0000000306,778,50
137,017224157010,0000000306,788,44
138,015317005020,0000000331,801,16
139,017173058010,0000000306,778,24
140,017173089010,0000000306,778,23
141,017156157010,0000000306,788,34
142,017156232010,0000000306,758,35
143,015800230210,0000055772,764,21
144,017148484010,0000000306,698,2
145,017080606010,0000000306,768,54
146,017171886010,0000000306,748,32
147,017159865010,0000000306,758,-7
148,017151037010,0000000361,739,37
149,017159177010,0000000306,698,2
150,017152615010,0000000306,698,0
151,017080612010,0000000306,758,53
152,017159832010,0000000306,738,-8
153,017163978010,0000000361,739,32
154,017163269010,0000000306,708,27
155,015398689040,0000000361,739,32
156,015475063040,0000000361,739,42
157,017216614010,0000000306,788,58
158,017163276010,0000000306,708,28
159,015475021030,0000000361,739,35
160,017152597010,0000000306,708,1
161,015398727050,0000000361,739,36
162,015398537010,0000000361,739,32
163,017156241010,0000000306,778,36
164,017173057010,0000000306,778,23
165,017172942010,0000000306,788,25
166,017156262010,0000000306,778,37
167,017156134010,0000000306,778,32
168,017159894010,0000000306,758,-8
169,017173052010,0000000306,718,23
170,017158524010,0000000306,788,33
171,017172945010,0000000306,778,25
172,015410871050,0000000331,801,31
173,017152463010,0000000306,708,-1
174,017156135010,0000000306,778,33
175,017159828010,0000000306,758,-6
176,017152488010,0000000306,708,-2
177,017171819010,0000000306,708,27
178,017171870010,0000000306,768,31
179,015882935050,0000000381,744,26
180,017080610010,0000000306,768,52
181,017165515010,0000000306,778,36
182,017171942010,0000000306,778,29
183,017159864010,0000000306,778,-7
184,017163292010,0000000306,718,28
185,017172989010,0000000306,718,26
186,017156214010,0000000306,778,34
187,017173117010,0000000306,768,24
188,017152436010,0000000306,718,-3
189,017147027010,0000000361,739,23
190,017148641010,0000000306,738,2
191,017152435010,0000000306,718,-1
192,017173095010,0000000306,698,23
193,017159793010,0000000306,748,-7
194,017156209010,0000000306,718,35
195,017158471010,0000000306,748,30
196,017158533010,0000000306,778,33
197,017223511010,0000000306,778,48
198,017156142010,0000000306,778,33
199,017212884010,0000000306,698,40
200,017171884010,0000000306,758,32
201,017173139010,0000000306,718,26
202,017156227010,0000000306,788,34
203,017173075010,0000000306,718,24
204,017159849010,0000000306,748,-8
205,017156146010,0000000306,718,32
206,017163289010,0000000306,718,29
207,017158468010,0000000306,738,30
208,017156138010,0000000306,758,33
209,017158566010,0000000306,778,35
210,017156119010,0000000306,778,33
211,017171918010,0000000306,738,31
212,017152446010,0000000306,708,-2
213,017152586010,0000000306,718,1
214,017156156010,0000000306,768,33
215,017155874010,0000000306,768,37
216,017171940010,0000000306,778,29
217,017163298010,0000000306,708,28
218,017156210010,0000000306,788,35
219,017156221010,0000000306,698,35
220,017158469010,0000000306,738,30
221,017156136010,0000000306,778,33
222,017171914010,0000000306,778,29
223,017159833010,0000000306,738,-8
224,017165646010,0000000306,778,40
225,017165550010,0000000306,788,37
226,017159853010,0000000306,778,-8
227,017152603010,0000000306,698,1
228,017159900010,0000000306,768,-8
229,017152465010,0000000306,708,-1
230,015838411050,0000060569,754,44
231,017156231010,0000000306,748,36
232,017156132010,0000000306,768,33
233,017171843010,0000000306,738,28
234,017171889010,0000000306,718,29
235,017171970010,0000000306,698,32
236,017159175010,0000000306,698,1
237,017155875010,0000000306,778,37
238,017155881010,0000000306,778,37
239,015398561030,0000000361,739,35
240,017159176010,0000000306,698,1
241,017156201010,0000000306,738,35
242,017156235010,0000000306,718,36
243,017080609010,0000000306,768,52
244,017152464010,0000000306,718,-1
245,017155883010,0000000306,738,37
246,017156116010,0000000306,738,33
247,015666304100,0000055772,724,23
248,017156211010,0000000306,788,35
249,017152482010,0000000306,718,-2
250,017173123010,0000000306,778,25
251,017156204010,0000000306,738,34
252,017159116010,0000000306,718,-1
253,017156467010,0000000361,739,24
254,017156159010,0000000306,788,33
255,017156158010,0000000306,768,33
256,017156144010,0000000306,768,34
257,017171938010,0000000306,708,29
258,017152614010,0000000306,698,0
259,015552376020,0000000366,735,3
260,017149585010,0000000361,739,32
261,017156261010,0000000306,778,37
262,017159821010,0000000306,748,-7
263,017172952010,0000000306,788,25
264,017172938010,0000000306,788,25
265,017149601010,0000000361,739,35
266,017148564010,0000000306,738,5
267,017152582010,0000000306,738,0
268,017156196010,0000000306,788,34
269,017156199010,0000000306,788,34
270,017159846010,0000000306,758,-8
271,017152592010,0000000306,708,2
272,017156130010,0000000306,778,33
273,017152604010,0000000306,718,2
274,017148653010,0000000306,708,2
275,017172990010,0000000306,698,26
276,017159794010,0000000306,738,-8
277,017148647010,0000000306,718,3
278,017152451010,0000000306,738,0
279,017152585010,0000000306,718,1
280,017152594010,0000000306,718,0
281,017156154010,0000000306,788,34
282,017152445010,0000000306,718,-2
283,015552285050,0000000366,735,-2
284,017148642010,0000000306,738,2
285,017152439010,0000000306,718,-1
286,017156245010,0000000306,738,36
287,017206859010,0000000306,768,59
288,017155876010,0000000306,778,37
289,017173030010,0000000306,788,22
290,017148651010,0000000306,718,3
291,017152450010,0000000306,718,-3
292,017156150010,0000000306,768,33
293,017173099010,0000000306,778,24
294,017173097010,0000000306,698,24
295,017148452010,0000000306,708,3
296,015603907300,0000060603,764,-7
297,015603907270,0000060603,764,-8
298,015603907210,0000060603,764,-7
299,017147212010,0000000361,739,22
300,017156258010,0000000306,778,38
301,017156193010,0000000306,778,34
302,017148556010,0000000306,718,4
303,017156234010,0000000306,758,36
304,015603907410,0000060603,764,-8
305,017148477010,0000000306,718,3
306,017152441010,0000000306,738,0
307,017148529010,0000000306,708,4
308,017148652010,0000000306,718,3
309,017158472010,0000000306,748,30
310,015603907230,0000060603,764,-7
311,017156125010,0000000306,778,33
312,017156133010,0000000306,778,33
313,017156219010,0000000306,698,35
314,017159199010,0000000306,708,4
315,017080663010,0000000306,778,57
316,017173092010,0000000306,758,24
317,017156118010,0000000306,778,33
318,015398561020,0000000361,739,23
319,017152459010,0000000306,738,-3
320,015552591040,0000000366,735,3
321,015603907290,0000060603,764,-3
322,015603907240,0000060603,764,-8
323,015552376050,0000000366,735,1
324,017152438010,0000000306,718,-1
325,017156075010,0000000306,768,37
326,017156117010,0000000306,768,33
327,017149457010,0000000361,739,32
328,017148472010,0000000306,708,3
329,017159863010,0000000306,758,-7
330,017158531010,0000000306,738,34
331,017156145010,0000000306,718,32
332,017156147010,0000000306,788,33
333,015603907280,0000060603,764,-2
334,015603907370,0000060603,764,-2
335,015603907200,0000060603,764,1
336,015603907310,0000060603,764,-7
337,017080614010,0000000306,768,54
338,017148646010,0000000306,738,2
339,017152455010,0000000306,718,-3
340,015552344030,0000000366,735,-2
341,017152467010,0000000306,708,0
342,017156238010,0000000306,788,36
343,017156152010,0000000306,778,33
344,017152470010,0000000306,708,-1
345,017154486010,0000000361,739,41
346,017156126010,0000000306,778,33
347,017148590010,0000000306,708,5
348,017152587010,0000000306,738,1
349,017148510010,0000000306,718,4
350,015552590050,0000000366,735,-3
351,017156244010,0000000306,778,36
352,015879692010,0000058480,704,9
353,017171851010,0000000306,708,28
354,017173131010,0000000306,718,26
355,015398755010,0000000361,739,23
356,017148648010,0000000306,738,5
357,017152458010,0000000306,738,-2
358,015666304090,0000055772,724,23
359,017172957010,0000000306,778,27
360,017158528010,0000000306,788,33
361,017156257010,0000000306,788,37
362,017158559010,0000000306,788,34
363,015552359050,0000000366,735,25
364,017165656010,0000000306,778,40
365,017159119010,0000000306,738,0
366,015552623030,0000000366,735,2
367,017156615010,0000000361,739,30
368,017173046010,0000000306,738,23
369,017173037010,0000000306,788,23
370,015603907380,0000060603,764,-7
371,017148644010,0000000306,708,2
372,017159872010,0000000306,778,-7
373,015552312010,0000000366,735,3
374,017159867010,0000000306,738,-7
375,015552284030,0000000366,735,4
376,015552283040,0000000366,735,1
377,017156602010,0000000361,739,32
378,017156928010,0000000361,739,30
379,017156197010,0000000306,788,34
380,017156200010,0000000306,778,35
381,017173105010,0000000306,718,24
382,017159796010,0000000306,738,-7
383,015552268030,0000000366,735,2
384,017173098010,0000000306,718,24
385,015666304110,0000055772,724,22
386,017156589010,0000000361,739,34
387,017223513010,0000000306,768,49
388,017156260010,0000000306,788,37
389,017171845010,0000000306,738,27
390,017163290010,0000000306,718,28
391,017156610010,0000000361,739,28
392,017159830010,0000000306,748,-8
393,017159808010,0000000306,758,-7
394,017165568010,0000000306,788,37
395,015603907360,0000060603,764,-2
396,017148650010,0000000306,718,2
397,015603907220,0000060603,764,1
398,015603907250,0000060603,764,-7
399,017165604010,0000000306,788,39
400,017163277010,0000000306,708,28
401,017158495010,0000000306,738,31
402,017173061010,0000000306,748,23
403,017156226010,0000000306,778,34
404,017165649010,0000000306,768,41
405,017158501010,0000000306,738,32
406,017156253010,0000000306,788,37
407,017158522010,0000000306,758,33
408,017152483010,0000000306,738,-3
409,017171996010,0000000306,718,32
410,017152462010,0000000306,738,-2
411,017152481010,0000000306,718,-2
412,017172940010,0000000306,718,26
413,017156251010,0000000306,778,37
414,017159826010,0000000306,768,-7
415,017165592010,0000000306,788,38
416,017165595010,0000000306,788,39
417,017148464010,0000000306,698,2
418,017159792010,0000000306,738,-7
419,017152490010,0000000306,738,-1
420,017172991010,0000000306,718,27
421,017156243010,0000000306,788,36
422,017152474010,0000000306,718,-3
423,017152469010,0000000306,718,-1
424,017152492010,0000000306,738,0
425,017158459010,0000000306,738,30
426,017171977010,0000000306,718,31
427,017156074010,0000000306,788,37
428,017156072010,0000000306,788,37
429,017156073010,0000000306,778,37
430,017173135010,0000000306,708,26
431,017156120010,0000000306,778,33
432,017156121010,0000000306,778,33
433,017156127010,0000000306,778,34
434,017159842010,0000000306,738,-7
435,017171972010,0000000306,778,32
436,017158470010,0000000306,738,30
437,017148490010,0000000306,708,3
438,017163293010,0000000306,708,28
439,017158526010,0000000306,788,32
440,017158519010,0000000306,738,32
441,015677659020,0000000366,735,2
442,017171988010,0000000306,788,32
443,017165507010,0000000306,778,36
444,017171830010,0000000306,708,28
445,017171872010,0000000306,778,31
446,017080643010,0000000306,758,57
447,017156143010,0000000306,788,34
448,017171982010,0000000306,698,31
449,015552571020,0000000366,735,2
450,017165573010,0000000306,748,37
451,015603907110,0000060603,764,-7
452,015603907260,0000060603,764,-8
453,017171846010,0000000306,738,27
454,017159118010,0000000306,708,0
455,017191521010,0000000306,788,29
456,015552243040,0000000366,735,-2
457,017163267010,0000000306,718,28
458,017152478010,0000000306,718,-3
459,015552351010,0000000366,735,2
460,015552357020,0000000366,735,25
461,017152487010,0000000306,718,-2
462,015603907190,0000060603,764,-7
463,015603907390,0000060603,764,-7
464,017171892010,0000000306,778,28
465,017158562010,0000000306,738,35
466,017171873010,0000000306,778,31
467,017171877010,0000000306,758,31
468,015552290040,0000000366,735,26
469,017152616010,0000000306,698,1
470,017171910010,0000000306,788,29
471,017165651010,0000000306,788,40
472,017165641010,0000000306,788,40
473,017173074010,0000000306,698,24
474,015552387040,0000000366,735,27
475,017171887010,0000000306,708,28
476,015552628010,0000000366,735,25
477,017158568010,0000000306,778,35
478,017156113010,0000000306,788,33
479,017156252010,0000000306,788,37
480,017158535010,0000000306,788,34
481,017155884010,0000000306,708,37
482,017159845010,0000000306,738,-8
483,015552362040,0000000366,735,27
484,017173133010,0000000306,708,26
485,017171866010,0000000306,778,30
486,017152454010,0000000306,718,-2
487,017156230010,0000000306,738,36
488,017171836010,0000000306,718,27
489,017165491010,0000000306,718,36
490,015568550020,0000000366,735,43
491,017165643010,0000000306,788,40
492,017165597010,0000000306,778,38
493,017165645010,0000000306,768,41
494,017080657010,0000000306,758,57
495,015649973020,0000000366,735,43
496,015603907160,0000060603,764,-8
497,015649924050,0000000366,735,25
498,017171837010,0000000306,698,27
499,017173106010,0000000306,718,24
500,017173111010,0000000306,708,25
501,017171664010,0000000306,788,32
502,017165564010,0000000306,778,37
503,017165566010,0000000306,788,37
504,017156137010,0000000306,758,33
505,017165575010,0000000306,768,38
506,017158464010,0000000306,778,31
507,017165563010,0000000306,748,37
508,017165490010,0000000306,788,36
509,017148541010,0000000306,718,4
510,017152600010,0000000306,718,0
511,017163274010,0000000306,718,28
512,017163273010,0000000306,718,28
513,017173084010,0000000306,708,25
514,015603907350,0000060603,764,-8
515,015603907420,0000060603,764,-2
516,015603907430,0000060603,764,-2
517,017156208010,0000000306,778,35
518,017159174010,0000000306,698,0
519,017152601010,0000000306,698,0
520,017156195010,0000000306,708,34
521,017163266010,0000000306,718,28
522,017172946010,0000000306,778,25
523,017173039010,0000000306,698,23
524,017152491010,0000000306,708,0
525,017173049010,0000000306,788,23
526,017156469010,0000000361,739,31
527,017156256010,0000000306,778,38
528,017148547010,0000000306,718,4
529,017165497010,0000000306,788,36
530,017171956010,0000000306,698,31
531,017172941010,0000000306,778,26
532,015552297040,0000000366,735,3
533,015552603040,0000000366,735,-3
534,017159895010,0000000306,748,-8
535,017165638010,0000000306,788,40
536,017171986010,0000000306,708,32
537,017165510010,0000000306,788,36
538,017171922010,0000000306,788,30
539,015552608040,0000000366,735,4
540,017159795010,0000000306,738,-8
541,017158564010,0000000306,748,35
542,017159790010,0000000306,748,-8
543,015552382020,0000000366,735,0
544,015552621040,0000000366,735,1
545,015552388010,0000000366,735,4
546,015552619030,0000000366,735,32
547,017165488010,0000000306,778,35
548,017156247010,0000000306,698,36
549,017171831010,0000000306,718,28
550,017165508010,0000000306,788,36
551,015552262010,0000000366,735,25
552,017173085010,0000000306,708,25
553,017165570010,0000000306,738,37
554,015552293020,0000000366,735,0
555,017171885010,0000000306,778,32
556,017171890010,0000000306,788,29
557,017171903010,0000000306,788,29
558,017171904010,0000000306,778,28
559,017165571010,0000000306,738,38
560,015552287050,0000000366,735,4
561,017171921010,0000000306,788,30
562,017171924010,0000000306,788,30
563,017171976010,0000000306,718,31
564,017171934010,0000000306,788,31
565,017171935010,0000000306,788,31
566,017171947010,0000000306,698,30
567,015649924040,0000000366,735,26
568,017159798010,0000000306,758,-8
569,017165569010,0000000306,748,37
570,017173094010,0000000306,768,23
571,017191534010,0000000306,718,35
572,017066572010,0000000306,758,47
573,017173125010,0000000306,738,25
574,017156229010,0000000306,718,35
575,017156202010,0000000306,788,35
576,017173118010,0000000306,788,24
577,017171879010,0000000306,788,32
578,017171880010,0000000306,788,32
579,017165636010,0000000306,698,40
580,015289486120,0000100069,754,2
581,015289486130,0000100069,754,2
582,017173120010,0000000306,788,24
583,017156194010,0000000306,788,34
584,017163268010,0000000306,718,27
585,017173078010,0000000306,708,24
586,017148523010,0000000306,718,4
587,017173116010,0000000306,718,24
588,017173136010,0000000306,698,26
589,017152475010,0000000306,718,-3
590,017165639010,0000000306,788,40
591,017216606010,0000000306,768,57
592,017165509010,0000000306,788,36
593,017165514010,0000000306,778,36
594,017171820010,0000000306,718,27
595,017172937010,0000000306,788,24
596,017224160010,0000000306,778,45
597,017191632010,0000000306,778,40
598,015552582020,0000000366,735,-3
599,017171842010,0000000306,718,28
600,017173141010,0000000306,718,26
601,017173053010,0000000306,718,23
602,017156114010,0000000306,788,33
603,017156596010,0000000361,739,40
604,017148533010,0000000306,738,4
605,017171930010,0000000306,788,31
606,017159114010,0000000306,718,-2
607,017158561010,0000000306,778,34
608,017156259010,0000000306,778,37
609,017159844010,0000000306,738,-8
610,017165602010,0000000306,788,39
611,017148481010,0000000306,708,3
612,017216613010,0000000306,768,58
613,017165648010,0000000306,778,41
614,015552507010,0000000366,735,3
615,017156203010,0000000306,778,35
616,017171948010,0000000306,698,30
617,017156239010,0000000306,758,36
618,017156248010,0000000306,788,36
619,017171891010,0000000306,778,28
620,017171907010,0000000306,778,29
621,017171928010,0000000306,788,30
622,017171932010,0000000306,788,30
623,017156240010,0000000306,768,36
624,017156254010,0000000306,788,37
625,017156153010,0000000306,778,34
626,017171964010,0000000306,788,31
627,017156255010,0000000306,768,38
628,017173063010,0000000306,718,24
629,017171967010,0000000306,788,32
630,017171979010,0000000306,788,31
631,017171905010,0000000306,778,28
632,017159840010,0000000306,738,-8
633,017165498010,0000000306,788,36
634,017152485010,0000000306,708,-2
635,017173034010,0000000306,698,23
636,017159094010,0000000306,718,-3
637,017173050010,0000000306,698,23
638,017173048010,0000000306,788,24
639,017159801010,0000000306,738,-7
640,017165654010,0000000306,778,40
641,017173091010,0000000306,788,23
642,017172950010,0000000306,778,25
643,017158534010,0000000306,778,33
644,017173121010,0000000306,718,25
645,017148461010,0000000306,718,2
646,017159108010,0000000306,708,-2
647,017173077010,0000000306,708,24
648,017191522010,0000000306,788,30
649,017152599010,0000000306,708,1
650,017171962010,0000000306,778,31
651,015682803010,0000000361,739,31
652,015649928010,0000000366,735,24
653,017156609010,0000000361,739,35
654,017152447010,0000000306,708,-2
655,015603907180,0000060603,764,-7
656,017171923010,0000000306,788,30
657,017152434010,0000000306,738,-1
658,017163278010,0000000306,718,28
659,017158518010,0000000306,778,31
660,017171821010,0000000306,708,27
661,017152433010,0000000306,718,-3
662,015649931020,0000000366,735,22
663,017158473010,0000000306,738,31
664,017171840010,0000000306,708,28
665,017158466010,0000000306,778,30
666,017171864010,0000000306,778,30
667,017156206010,0000000306,718,34
668,017173112010,0000000306,708,25
669,017171963010,0000000306,768,31
670,017171969010,0000000306,788,32
671,017171933010,0000000306,788,30
672,017191508010,0000000306,718,24
673,017171876010,0000000306,778,31
674,017171965010,0000000306,778,31
675,017171878010,0000000306,778,31
676,017171999010,0000000306,788,32
677,017156128010,0000000306,778,34
678,015603907140,0000060603,764,-7
679,015603907330,0000060603,764,-8
680,017152437010,0000000306,718,-3
681,017171852010,0000000306,698,28
682,015649966010,0000000366,735,33
683,017158536010,0000000306,768,34
684,017158521010,0000000306,758,33
685,015603907150,0000060603,764,-7
686,017159791010,0000000306,738,-8
687,017171913010,0000000306,778,29
688,017152443010,0000000306,718,-2
689,017172949010,0000000306,778,27
690,017171980010,0000000306,698,31
691,017171882010,0000000306,788,32
692,017171906010,0000000306,778,29
693,017172948010,0000000306,718,27
694,017171912010,0000000306,778,29
695,017171946010,0000000306,718,30
696,017165596010,0000000306,788,39
697,017155886010,0000000306,778,37
698,017191546010,0000000306,788,37
699,017171823010,0000000306,718,27
700,017171975010,0000000306,788,31
701,017171974010,0000000306,788,32
702,017165607010,0000000306,788,39
703,017171985010,0000000306,788,32
704,017171981010,0000000306,698,32
705,017171993010,0000000306,698,31
706,017148578010,0000000306,738,4
707,017159856010,0000000306,748,-8
708,017165503010,0000000306,778,36
709,017173115010,0000000306,768,24
710,017171961010,0000000306,788,31
711,017173132010,0000000306,698,26
712,017173059010,0000000306,758,23
713,017191544010,0000000306,738,36
714,017165658010,0000000306,758,40
715,017165657010,0000000306,778,40
716,017165650010,0000000306,788,40
717,017173090010,0000000306,758,23
718,017173100010,0000000306,788,24
719,017173088010,0000000306,788,23
720,017158527010,0000000306,758,33
721,017191510010,0000000306,718,24
722,017163270010,0000000306,698,27
723,017171994010,0000000306,698,31
724,017171929010,0000000306,788,30
725,017173122010,0000000306,768,25
726,017172951010,0000000306,708,27
727,017163275010,0000000306,698,28
728,017171945010,0000000306,778,30
729,017171822010,0000000306,718,27
730,017173029010,0000000306,788,22
731,017156233010,0000000306,708,35
732,017163272010,0000000306,708,28
733,015677071020,0000000331,801,28
734,017171909010,0000000306,788,29
735,017171908010,0000000306,778,29
736,017171920010,0000000306,788,30
737,017171990010,0000000306,698,31
738,017080613010,0000000306,768,54
739,017172000010,0000000306,718,32
740,017171902010,0000000306,738,28
741,017173104010,0000000306,718,24
742,017173054010,0000000306,778,23
743,017165562010,0000000306,788,37
744,017173140010,0000000306,708,26
745,017171989010,0000000306,718,32
746,015743532010,0000000361,739,26
747,017173108010,0000000306,718,24
748,017165502010,0000000306,738,36
749,017152596010,0000000306,738,1
750,015649937050,0000000366,735,48
751,017173144010,0000000306,718,27
752,017173086010,0000000306,708,25
753,017173124010,0000000306,718,25
754,017176980010,0000000361,739,-8
755,017223525010,0000000306,788,50
756,017159096010,0000000306,708,-3
757,017171971010,0000000306,718,32
758,017171838010,0000000306,718,27
759,017173080010,0000000306,698,25
760,017171848010,0000000306,788,27
761,017171867010,0000000306,778,30
762,017171995010,0000000306,698,31
763,017171888010,0000000306,718,28
764,017171874010,0000000306,778,31
765,017173103010,0000000306,718,24
766,017171869010,0000000306,778,31
767,017171881010,0000000306,788,32
768,017152484010,0000000306,708,-3
769,017171959010,0000000306,778,31
770,017171991010,0000000306,698,31
771,017171992010,0000000306,698,31
772,015703452050,0000000361,739,44
773,017159860010,0000000306,758,-7
774,017171931010,0000000306,788,31
775,017171983010,0000000306,788,32
776,017165635010,0000000306,788,40
777,015879673010,0000058480,704,9
778,017152456010,0000000306,718,-3
779,017173113010,0000000306,708,25
780,017159862010,0000000306,748,-7
781,015791565010,0000060569,754,43
782,017172939010,0000000306,778,25
783,017173130010,0000000306,708,26
784,017171826010,0000000306,718,28
785,017173143010,0000000306,718,27
786,017173114010,0000000306,718,24
787,017171998010,0000000306,718,32
788,017163265010,0000000306,718,27
789,017173119010,0000000306,778,24
790,017209161010,0000000306,758,56
791,015799789010,0000055772,764,26
792,017152477010,0000000306,718,-3
793,017171818010,0000000306,708,27
794,017171824010,0000000306,718,27
795,017163300010,0000000306,708,29
796,017171849010,0000000306,738,28
797,017156242010,0000000306,768,36
798,017173096010,0000000306,758,24
799,017224188010,0000000306,778,45
800,017152476010,0000000306,708,-3
801,017173109010,0000000306,708,25
802,017165605010,0000000306,778,39
803,017159823010,0000000306,768,-6
804,017165505010,0000000306,718,35
805,017172965010,0000000306,718,26
806,017191520010,0000000306,788,29
807,017152598010,0000000306,708,1
808,017173110010,0000000306,708,25
809,017165504010,0000000306,778,35
810,017171827010,0000000306,708,28
811,017171927010,0000000306,788,30
812,017171919010,0000000306,758,31
813,017165552010,0000000306,778,37
814,017190348010,0000000361,739,4
815,015603907320,0000060603,764,-8
816,017148488010,0000000306,718,3
817,017165489010,0000000306,698,35
818,017173101010,0000000306,718,24
819,017171835010,0000000306,718,27
820,017171883010,0000000306,778,32
821,017191527010,0000000306,788,33
822,017173070010,0000000306,718,25
823,015800230080,0000055772,764,23
824,017165603010,0000000306,788,39
825,017191634010,0000000306,778,42
826,017148506010,0000000306,708,4
827,017191631010,0000000306,778,41
828,017171850010,0000000306,738,28
829,017191543010,0000000306,788,34
830,015603907340,0000060603,764,-8
831,017191518010,0000000306,768,33
832,015800230090,0000055772,764,22
833,017159839010,0000000306,758,-7
834,017172959010,0000000306,778,27
835,017191633010,0000000306,778,41
836,015800230040,0000055772,764,23
837,015800230050,0000055772,764,23
838,017171834010,0000000306,738,27
839,015800230220,0000055772,764,23
840,015800230120,0000055772,764,22
841,017156220010,0000000306,768,34
842,015800230020,0000055772,764,23
843,015800230200,0000055772,764,23
844,017173069010,0000000306,718,24
845,017191519010,0000000306,788,33
846,017191537010,0000000306,788,37
847,017191541010,0000000306,788,38
848,017171901010,0000000306,778,29
849,015800230150,0000055772,764,23
850,017191539010,0000000306,788,37
851,017191547010,0000000306,778,37
852,017191629010,0000000306,788,40
853,017173056010,0000000306,778,23
854,017191517010,0000000306,778,33
855,017191526010,0000000306,778,34
856,017191540010,0000000306,788,37
857,017191551010,0000000306,788,37
858,017171841010,0000000306,718,28
859,017191628010,0000000306,778,40
860,017191627010,0000000306,788,40
861,015800230010,0000055772,764,23
862,017191549010,0000000306,778,38
863,015800230130,0000055772,764,22
864,015800230140,0000055772,764,22
865,017191548010,0000000306,778,37
866,017191523010,0000000306,788,28
867,015773024050,0000000366,735,-3
868,017171960010,0000000306,778,31
869,017148480010,0000000306,718,3
870,017226148010,0000035915,700,24
871,017156237010,0000000306,758,36
872,017173055010,0000000306,768,23
873,017191545010,0000000306,778,37
874,017159106010,0000000306,708,-3
875,017159834010,0000000306,738,-7
876,017151356010,0000000306,708,-3
877,017223512010,0000000306,778,48
878,017209130010,0000000306,768,60
879,017165512010,0000000306,778,36
880,017173087010,0000000306,788,23
881,017163299010,0000000306,718,29
882,017165499010,0000000306,788,36
883,017191530010,0000000306,768,34
884,015717652440,0000012620,744,47
885,015838411070,0000060569,754,44
886,017171871010,0000000306,768,31
887,017208537010,0000000306,768,33
888,017152589010,0000000306,718,1
889,017165574010,0000000306,748,37
890,015799789040,0000055772,764,26
891,017156207010,0000000306,768,34
892,015913019010,0000010250,754,-1
893,017148458010,0000000306,698,2
894,015799789030,0000055772,764,26
895,017148451010,0000000306,748,3
896,017206862010,0000000306,768,59
897,015800230160,0000055772,764,23
898,017171955010,0000000306,708,31
899,017173033010,0000000306,698,22
900,017159896010,0000000306,738,-8
901,015800230030,0000055772,764,22
902,017156216010,0000000306,698,35
903,017212706010,0000020583,764,3
904,017152452010,0000000306,708,-2
905,017216610010,0000000306,788,54
906,015838411040,0000060569,754,45
907,017171839010,0000000306,738,28
908,017156217010,0000000306,698,35
909,015800230110,0000055772,764,22
910,015800230100,0000055772,764,22
911,015800230170,0000055772,764,23
912,017066577010,0000000306,758,47
913,015838411090,0000060569,754,43
914,015838411080,0000060569,754,44
915,015904982040,0000000326,801,27
916,015882913050,0000000381,744,28
917,017171953010,0000000306,698,30
918,015812587020,0000000331,801,-6
919,015800230060,0000055772,764,23
920,015717652260,0000012620,744,47
921,015799789070,0000055772,764,26
922,015882939050,0000000381,744,28
923,017226194010,0000044924,760,39
924,017224252010,0000000306,778,47
925,017165634010,0000000306,788,40
926,017159836010,0000000306,758,-7
927,017163271010,0000000306,708,28
928,017209193010,0000000306,768,60
929,017172947010,0000000306,698,26
930,017155888010,0000000306,768,33
931,017173082010,0000000306,698,25
932,017159855010,0000000306,758,-7
933,017171894010,0000000306,738,29
934,015882903030,0000000381,744,27
935,017216611010,0000000306,778,57
936,017216600010,0000000306,768,56
937,015882941010,0000000381,744,28
938,017209162010,0000000306,758,56
939,017156205010,0000000306,738,34
940,017215815010,0000000306,758,-7
941,017152588010,0000000306,738,1
942,017158554010,0000000306,748,34
943,017171966010,0000000306,778,31
944,017212888010,0000000306,778,40
945,017216607010,0000000306,758,58
946,017173081010,0000000306,708,25
947,015904989030,0000000326,801,8
948,015882880050,0000000381,744,25
949,017163302010,0000000306,718,29
950,017209185010,0000000306,758,58
951,015603907400,0000060603,764,-8
952,015895136450,0000055772,734,42
953,015895136440,0000055772,734,42
954,015878703320,0000055772,734,32
955,017173134010,0000000306,708,26
956,015896808010,0000055772,734,23
957,017216602010,0000000306,768,54
958,017172961010,0000000306,718,26
959,015866234020,0000000331,801,28
960,017223524010,0000000306,778,50
961,017159799010,0000000306,748,-8
962,015865372010,0000055772,744,24
963,017171847010,0000000306,718,27
964,017152617010,0000000306,698,1
965,017163301010,0000000306,738,29
966,015882882020,0000000381,744,25
967,015878703010,0000055772,734,29
968,017171893010,0000000306,738,29
969,017218450010,0000000306,778,50
970,017218463010,0000000306,778,51
971,017218467010,0000000306,788,52
972,017218477010,0000000306,758,53
973,015904983010,0000000326,801,8
974,017218471010,0000000306,768,52
975,017218470010,0000000306,768,52
976,017218474010,0000000306,758,51
977,017171954010,0000000306,708,30
978,017159173010,0000000306,698,0
979,015882883050,0000000381,744,25
980,017171844010,0000000306,738,27
981,017173071010,0000000306,708,24
982,017218473010,0000000306,768,53
983,017209194010,0000000306,758,60
984,017225716010,0000035915,700,32
985,017225717010,0000035915,700,23
986,017226200010,0000044924,760,36
987,017226158010,0000044924,760,25
988,017173076010,0000000306,718,24
989,015905072030,0000000326,801,43
990,017218449010,0000000306,788,50
991,017156155010,0000000306,778,33
992,017163297010,0000000306,718,28
993,015878703110,0000055772,734,24
994,017216615010,0000000306,768,57
995,017216604010,0000000306,768,56
996,017173138010,0000000306,718,26
997,015878703340,0000055772,734,24
998,015878703180,0000055772,734,28
999,015905052050,0000000326,801,21
1000,017163294010,0000000306,718,29
1001,015905050040,0000000326,801,25
1002,015882901040,0000000381,744,27
1003,017165501010,0000000306,778,35
1004,017214065010,0000000306,788,41
1005,015878684280,0000055772,734,41
1006,015878703040,0000055772,734,34
1007,017210272010,0000000306,778,34
1008,015878703170,0000055772,734,28
1009,015865372040,0000055772,744,25
1010,017224720010,0000044924,704,23
1011,017222638010,0000044924,704,25
1012,017217288010,0000035915,741,31
1013,015878703280,0000055772,734,32
1014,015838411020,0000060569,754,44
1015,015895136090,0000055772,734,26
1016,017213198010,0000000306,758,-7
1017,015878703030,0000055772,734,34
1018,017158523010,0000000306,778,33
1019,015878703260,0000055772,734,30
1020,017165511010,0000000306,778,36
1021,015905201040,0000000326,801,29
1022,015905190030,0000000326,801,36
1023,015905201030,0000000326,801,36
1024,015905172020,0000000326,801,38
1025,015905198050,0000000326,801,41
1026,015905099030,0000000326,801,27
1027,015882870040,0000000381,744,24
1028,015904990010,0000000326,801,31
1029,017222430010,0000044924,704,26
1030,015905067010,0000000326,801,31
1031,015882892020,0000000381,744,26
1032,017223536010,0000000306,768,50
1033,015878703200,0000055772,734,29
1034,015882934010,0000000381,744,25
1035,015905067020,0000000326,801,28
1036,015905072020,0000000326,801,40
1037,015905093030,0000000326,801,37
1038,015882912020,0000000381,744,28
1039,015882900040,0000000381,744,27
1040,017223544010,0000000306,778,51
1041,017220388010,0000044924,704,25
1042,017223546010,0000000306,778,53
1043,017223547010,0000000306,778,53
1044,017223548010,0000000306,778,51
1045,015905100020,0000000326,801,39
1046,017173083010,0000000306,708,25
1047,015912198010,0000000082,775,54
1048,015905102020,0000000326,801,39
1049,015905147040,0000000326,801,41
1050,015882883040,0000000381,744,25
1051,015882906030,0000000381,744,27
1052,015905093020,0000000326,801,37
1053,015905175040,0000000326,801,31
1054,015905188020,0000000326,801,42
1055,017223540010,0000000306,778,50
1056,015882899030,0000000381,744,27
1057,015882907040,0000000381,744,27
1058,015905146010,0000000326,801,8
1059,017220594010,0000044924,704,29
1060,015882912030,0000000381,744,28
1061,015882901050,0000000381,744,27
1062,015882908030,0000000381,744,28
1063,015882899050,0000000381,744,27
1064,015882937050,0000000381,744,27
1065,017223526010,0000000306,768,50
1066,015882879040,0000000381,744,25
1067,015882885010,0000000381,744,25
1068,017220865010,0000044924,704,24
1069,015905186040,0000000326,801,11
1070,015882893040,0000000381,744,26
1071,015882924020,0000000381,744,29
1072,017206857010,0000000306,768,55
1073,015882919040,0000000381,744,29
1074,015905058040,0000000326,801,8
1075,017223535010,0000000306,778,50
1076,017223533010,0000000306,778,49
1077,017223530010,0000000306,778,49
1078,017209190010,0000000306,758,58
1079,015905026050,0000000326,801,8
1080,017222839010,0000000361,739,2
1081,015882893010,0000000381,744,26
1082,015882906010,0000000381,744,27
1083,015882910030,0000000381,744,28
1084,015904993030,0000000326,801,41
1085,015882901030,0000000381,744,27
1086,017080607010,0000000306,758,56
1087,015882906020,0000000381,744,27
1088,015882895030,0000000381,744,26
1089,017165653010,0000000306,778,40
1090,015882912050,0000000381,744,28
1091,015879571010,0000058480,704,9
1092,015905009050,0000000326,801,37
1093,015905147030,0000000326,801,31
1094,015895136330,0000055772,734,33
1095,015882943020,0000000381,744,29
1096,015905190020,0000000326,801,26
1097,015905013050,0000000326,801,11
1098,015905185020,0000000326,801,32
1099,017172944010,0000000306,698,26
1100,015882872020,0000000381,744,24
1101,015905080040,0000000326,801,40
1102,015878703290,0000055772,734,33
1103,015882882010,0000000381,744,25
1104,015882939020,0000000381,744,27
1105,015882934030,0000000381,744,26
1106,015905019020,0000000326,801,39
1107,015905186030,0000000326,801,9
1108,015905067030,0000000326,801,40
1109,015905107050,0000000326,801,29
1110,015882942040,0000000381,744,28
1111,015882918030,0000000381,744,28
1112,015905016040,0000000326,801,26
1113,015865372020,0000055772,744,25
1114,015882881020,0000000381,744,25
1115,017218469010,0000000306,768,51
1116,017219292010,0000044924,760,28
1117,017224202010,0000000306,778,46
1118,015878703120,0000055772,734,23
1119,015905146020,0000000326,801,9
1120,015882883010,0000000381,744,25
1121,015905098040,0000000326,801,24
1122,017156222010,0000000306,698,35
1123,015882879020,0000000381,744,25
1124,015882883020,0000000381,744,25
1125,015904993010,0000000326,801,25
1126,017163288010,0000000306,708,28
1127,015882879030,0000000381,744,25
1128,017156213010,0000000306,698,34
1129,015882879050,0000000381,744,25
1130,015882870020,0000000381,744,24
1131,015882885040,0000000381,744,26
1132,015882893050,0000000381,744,26
1133,015882918050,0000000381,744,28
1134,015882935030,0000000381,744,26
1135,015882908050,0000000381,744,28
1136,015882901010,0000000381,744,27
1137,017080642010,0000000306,768,57
1138,017225949010,0000044924,760,30
1139,015925434020,0000012711,720,10
1140,015882916040,0000000381,744,28
1141,017223514010,0000000306,778,49
1142,017223527010,0000000306,788,48
1143,015882895040,0000000381,744,26
1144,015905041010,0000000326,801,8
1145,015905016010,0000000326,801,29
1146,015905013040,0000000326,801,11
1147,015882918020,0000000381,744,28
1148,015882922050,0000000381,744,29
1149,017152453010,0000000306,718,-2
1150,015882924010,0000000381,744,29
1151,017159822010,0000000306,758,-7
1152,017209189010,0000000306,768,60
1153,017152471010,0000000306,698,0
1154,017152486010,0000000306,718,-2
1155,015904990050,0000000326,801,29
1156,017222641010,0000044924,704,26
1157,017148640010,0000000306,738,2
1158,015882900030,0000000381,744,27
1159,015882897030,0000000381,744,27
1160,015905022030,0000000326,801,24
1161,017223517010,0000000306,778,49
1162,015882900020,0000000381,744,27
1163,015882919010,0000000381,744,28
1164,017224230010,0000000306,788,47
1165,015882913040,0000000381,744,28
1166,015882906040,0000000381,744,27
1167,017216601010,0000000306,758,54
1168,015882940010,0000000381,744,28
1169,015882891050,0000000381,744,26
1170,017156140010,0000000306,708,34
1171,015882881050,0000000381,744,25
1172,017218468010,0000000306,768,52
1173,017218464010,0000000306,768,52
1174,017222642010,0000044924,704,26
1175,017156249010,0000000306,778,36
1176,017218466010,0000000306,788,51
1177,015882899040,0000000381,744,27
1178,017223518010,0000000306,788,49
1179,015905174010,0000000326,801,32
1180,015905095010,0000000326,801,11
1181,015905180020,0000000326,801,39
1182,017224131010,0000000306,748,44
1183,015905099020,0000000326,801,39
1184,015905093050,0000000326,801,28
1185,015878703210,0000055772,734,30
1186,017222640010,0000044924,704,25
1187,017171875010,0000000306,768,31
1188,015882910050,0000000381,744,28
1189,015882890010,0000000381,744,26
1190,017159903010,0000000306,768,-7
1191,015882907030,0000000381,744,27
1192,015882919050,0000000381,744,29
1193,015882922030,0000000381,744,29
1194,015905158040,0000000326,801,33
1195,015905148020,0000000326,801,8
1196,015905171050,0000000326,801,42
1197,015905175050,0000000326,801,44
1198,015878703270,0000055772,734,31
1199,017165506010,0000000306,778,36
1200,015905177050,0000000326,801,38
1201,017223519010,0000000306,778,50
1202,017223516010,0000000306,788,48
1203,017223529010,0000000306,788,49
1204,015905097050,0000000326,801,31
1205,017171968010,0000000306,698,32
1206,017152480010,0000000306,708,-3
1207,015905077040,0000000326,801,31
1208,017165560010,0000000306,778,38
1209,017224158010,0000000306,788,45
1210,017224187010,0000000306,778,45
1211,015905185040,0000000326,801,40
1212,015905098020,0000000326,801,31
1213,015905099050,0000000326,801,29
1214,015905097040,0000000326,801,31
1215,015905186010,0000000326,801,10
1216,015905002050,0000000326,801,8
1217,015905079010,0000000326,801,27
1218,017224154010,0000000306,788,44
1219,017224190010,0000000306,768,46
1220,017224200010,0000000306,778,45
1221,017224212010,0000000306,788,46
1222,015905103040,0000000326,801,25
1223,015905176020,0000000326,801,39
1224,015905014040,0000000326,801,5
1225,015905031040,0000000326,801,10
1226,015905040040,0000000326,801,27
1227,015895136430,0000055772,734,41
1228,017223522010,0000000306,788,50
1229,017224207010,0000000306,778,46
1230,017224231010,0000000306,758,47
1231,015905010010,0000000326,801,36
1232,015905033010,0000000326,801,11
1233,017224234010,0000000306,788,47
1234,017224242010,0000000306,788,46
1235,017224224010,0000000306,788,47
1236,017223528010,0000000306,788,48
1237,015882895010,0000000381,744,26
1238,015905168030,0000000326,801,31
1239,015905101010,0000000326,801,26
1240,015905095050,0000000326,801,17
1241,015905093010,0000000326,801,28
1242,015895136310,0000055772,734,33
1243,017224226010,0000000306,778,48
1244,015865372030,0000055772,744,25
1245,015882890040,0000000381,744,26
1246,017223538010,0000000306,788,50
1247,017223545010,0000000306,768,51
1248,015878703130,0000055772,734,24
1249,015905096050,0000000326,801,52
1250,015905175020,0000000326,801,9
1251,015878703220,0000055772,734,30
1252,015905203010,0000000326,801,36
1253,015882936050,0000000381,744,27
1254,015905010020,0000000326,801,37
1255,015905197040,0000000326,801,11
1256,017224161010,0000000306,778,44
1257,017224128010,0000000306,778,43
1258,015893145010,0000055772,744,25
1259,015905160040,0000000326,801,32
1260,015905168010,0000000326,801,31
1261,015905031050,0000000326,801,27
1262,017223523010,0000000306,778,50
1263,015905056040,0000000326,801,39
1264,017224204010,0000000306,788,46
1265,017224210010,0000000306,768,46
1266,015882942050,0000000381,744,28
1267,015882918010,0000000381,744,28
1268,017224129010,0000000306,788,43
1269,017224140010,0000000306,778,44
1270,015905070010,0000000326,801,45
1271,017224216010,0000000306,778,46
1272,017224220010,0000000306,788,47
1273,017224222010,0000000306,788,47
1274,017224218010,0000000306,788,47
1275,015895136220,0000055772,734,31
1276,015882918040,0000000381,744,28
1277,017224147010,0000000306,708,44
1278,017224228010,0000000306,788,47
1279,017224223010,0000000306,788,47
1280,015905013010,0000000326,801,35
1281,017224165010,0000000306,788,45
1282,015905189010,0000000326,801,44
1283,017224120010,0000000306,748,42
1284,015878684300,0000055772,734,44
1285,015878684290,0000055772,734,41
1286,015905175010,0000000326,801,8
1287,017224232010,0000000306,778,47
1288,017223537010,0000000306,768,50
1289,017172573010,0000000306,748,-7
1290,015882890030,0000000381,744,26
1291,015882890050,0000000381,744,26
1292,015882916050,0000000381,744,28
1293,015882929040,0000000381,744,24
1294,015905192050,0000000326,801,10
1295,017224229010,0000000306,778,47
1296,017171973010,0000000306,788,32
1297,017224209010,0000000306,738,42
1298,015882872010,0000000381,744,24
1299,015882879010,0000000381,744,25
1300,015905087050,0000000326,801,39
1301,015905060050,0000000326,801,32
1302,015895136250,0000055772,734,32
1303,015905098050,0000000326,801,25
1304,017224249010,0000000306,788,47
1305,015896544010,0000055772,734,26
1306,015882885050,0000000381,744,26
1307,015895136140,0000055772,734,28
1308,015905091040,0000000326,801,40
1309,015882907020,0000000381,744,27
1310,015905102010,0000000326,801,34
1311,015878684270,0000055772,734,40
1312,017165655010,0000000306,768,40
1313,015882936040,0000000381,744,26
1314,015878685050,0000055772,734,44
1315,017224206010,0000000306,758,46
1316,015904990020,0000000326,801,37
1317,015882940030,0000000381,744,29
1318,015882936030,0000000381,744,26
1319,017224133010,0000000306,778,44
1320,015882873010,0000000381,744,24
1321,015882924030,0000000381,744,29
1322,015882936010,0000000381,744,26
1323,015882939010,0000000381,744,27
1324,017224127010,0000000306,758,43
1325,017224145010,0000000306,718,44
1326,015905047030,0000000326,801,8
1327,015882910020,0000000381,744,28
1328,017224141010,0000000306,748,45
1329,017224193010,0000000306,768,46
1330,017222429010,0000044924,704,26
1331,017225765010,0000044924,704,27
1332,015882897020,0000000381,744,27
1333,015895136260,0000055772,734,32
1334,015895136280,0000055772,734,32
1335,017225952010,0000044924,760,29
1336,017224194010,0000000306,778,46
1337,017224199010,0000000306,758,45
1338,017224208010,0000000306,788,46
1339,017224233010,0000000306,748,47
1340,017224126010,0000000306,768,43
1341,017224138010,0000000306,748,44
1342,015895136270,0000055772,734,32
1343,017224152010,0000000306,778,44
1344,017218535010,0000035915,741,31
1345,015895136300,0000055772,734,32
1346,015882934050,0000000381,744,26
1347,015895136130,0000055772,734,28
1348,017218472010,0000000306,768,53
1349,015895136210,0000055772,734,30
1350,017173040010,0000000306,738,23
1351,017224192010,0000000306,778,46
1352,017224211010,0000000306,788,46
1353,017224221010,0000000306,788,47
1354,017224237010,0000000306,788,46
1355,017224240010,0000000306,788,46
1356,015882895050,0000000381,744,26
1357,015878703310,0000055772,734,32
1358,015882910010,0000000381,744,28
1359,015882890020,0000000381,744,26
1360,015905067040,0000000326,801,23
1361,015905088050,0000000326,801,40
1362,015882903010,0000000381,744,27
1363,015882893020,0000000381,744,26
1364,015882940020,0000000381,744,28
1365,015882938040,0000000381,744,27
1366,015882903040,0000000381,744,27
1367,015882922040,0000000381,744,29
1368,017224122010,0000000306,738,43
1369,017224135010,0000000306,788,44
1370,017224142010,0000000306,758,45
1371,015882881010,0000000381,744,25
1372,017224163010,0000000306,778,45
1373,015882872030,0000000381,744,24
1374,015882892010,0000000381,744,26
1375,017224148010,0000000306,708,44
1376,015905010040,0000000326,801,11
1377,017224219010,0000000306,778,47
1378,017224195010,0000000306,788,46
1379,017224213010,0000000306,778,46
1380,017224227010,0000000306,788,47
1381,015768452010,0000055772,734,23
1382,015882907050,0000000381,744,27
1383,017224251010,0000000306,788,47
1384,015905018030,0000000326,801,35
1385,015905018020,0000000326,801,31
1386,015928399010,0000012711,720,9
1387,015882929050,0000000381,744,24
1388,015882935040,0000000381,744,26
1389,015882935010,0000000381,744,26
1390,015905067050,0000000326,801,23
1391,015878703150,0000055772,734,27
1392,017224144010,0000000306,718,44
1393,015895136460,0000055772,734,43
1394,015895136290,0000055772,734,32
1395,015289486150,0000100069,754,1
1396,015905011020,0000000326,801,17
1397,015882910040,0000000381,744,28
1398,015882895020,0000000381,744,26
1399,015882903050,0000000381,744,27
1400,015882934040,0000000381,744,26
1401,015882912040,0000000381,744,28
1402,015882903020,0000000381,744,27
1403,015882893030,0000000381,744,26
1404,015882940040,0000000381,744,28
1405,015882934020,0000000381,744,25
1406,017224197010,0000000306,738,45
1407,017224225010,0000000306,768,48
1408,015905018040,0000000326,801,41
1409,015882901020,0000000381,744,27
1410,015882935020,0000000381,744,26
1411,017225223010,0000035915,741,23
1412,017226201010,0000044924,760,25
1413,017225948010,0000044924,760,31
1414,017225950010,0000044924,760,31
1415,017225951010,0000044924,760,31
