,Cust_Num,Task_Pri,DollarPerSquare,Latitude,Predicted_CC,New_Priority
0,381,744,3.0,24,0.992773634950154,760
1,381,744,3.0,25,0.000112548720702,760
2,381,744,3.0,25,1.005912878211628,760
3,381,744,3.0,25,0.981374400549078,760
4,381,744,3.0,25,0.99592172156987,760
5,381,744,3.0,25,0.097222350398402,760
6,381,744,3.0,24,0.722920715021454,760
7,381,744,3.0,24,0.517360970396852,760
8,361,739,5.0,5,0.951207526098093,750
9,306,738,2.0,24,0.081200036107762,770
10,44924,704,7.0,26,0.876705159290481,740
11,44924,760,7.0,23,0.827506092420518,740
12,306,758,2.0,-8,0.001127209691064,770
13,306,768,2.0,57,0.298421302013823,770
14,306,778,2.0,36,0.960717674165541,770
15,306,738,2.0,31,0.000584136446543,770
16,306,758,2.0,37,0.997980353852511,770
17,306,758,2.0,32,0.995202252249853,770
18,306,748,2.0,37,0.0,770
19,306,758,2.0,-7,0.003555434954499,770
20,306,718,2.0,34,0.0,770
21,306,738,2.0,-8,0.998601667819469,770
22,361,739,5.0,35,0.995428105826676,750
23,306,778,2.0,33,0.995202252249853,770
24,306,778,2.0,38,0.24658658723852,770
25,306,698,2.0,5,0.398102150400512,770
26,306,768,2.0,36,0.047527412957917,770
27,306,718,2.0,3,0.754503578527702,770
28,306,708,2.0,25,0.310497629691286,770
29,306,698,2.0,32,0.997308349991165,770
30,306,718,2.0,35,0.0,770
31,306,778,2.0,34,0.766163325825654,770
32,306,758,2.0,56,0.000237454348373,770
33,306,778,2.0,31,0.832801842954453,770
34,306,718,2.0,27,0.53609294585016,770
35,306,738,2.0,38,0.015340970667744,770
36,306,718,2.0,1,0.279345051926301,770
37,306,738,2.0,4,0.534362103963809,770
38,306,718,2.0,2,0.011510993091478,770
39,306,738,2.0,-3,0.758771654232097,770
40,306,738,2.0,-8,0.785928314530068,770
41,306,738,2.0,-2,0.707263138029684,770
42,306,718,2.0,26,0.989564400343641,770
43,306,778,2.0,34,0.998874606737471,770
44,306,778,2.0,34,0.998874606737471,770
45,306,698,2.0,2,0.998912611004812,770
46,306,738,2.0,-2,0.606073258499382,770
47,306,708,2.0,2,0.402284392461413,770
48,306,778,2.0,37,0.24658658723852,770
49,306,718,2.0,5,0.045631718866128,770
50,306,738,2.0,-8,0.210768128688363,770
51,55772,734,0.0,31,0.834652621265947,800
52,306,748,2.0,33,0.952220695670364,770
53,306,778,2.0,34,0.996188992571337,770
54,306,788,2.0,30,0.404197949592217,770
55,306,768,2.0,37,0.990336909184246,770
56,306,788,2.0,34,0.967128884455755,770
57,306,708,2.0,24,0.935946009552386,770
58,306,788,2.0,24,0.161895704857467,770
59,306,778,2.0,37,0.99786067445166,770
60,306,768,2.0,31,0.460651076589186,770
61,306,708,2.0,-3,0.283014431273634,770
62,306,788,2.0,37,0.008016841504919,770
63,306,788,2.0,37,0.294784967005833,770
64,306,738,2.0,-7,0.000547398047728,770
65,306,758,2.0,-7,0.696889313503808,770
66,306,718,2.0,1,0.914532424377304,770
67,306,788,2.0,33,0.868196066181009,770
68,306,708,2.0,2,0.225472823427079,770
69,306,778,2.0,36,0.953942096500788,770
70,306,768,2.0,37,0.358632266684784,770
71,306,708,2.0,-1,0.731320484944881,770
72,306,758,2.0,57,0.053302669667418,770
73,306,768,2.0,54,0.220747909652964,770
74,306,698,2.0,35,0.0,770
75,306,718,2.0,0,0.999047236490713,770
76,306,718,2.0,-3,0.283014431273634,770
77,306,768,2.0,58,0.925658666730504,770
78,306,788,2.0,40,0.252688724467234,770
79,306,698,2.0,2,0.840410281465995,770
80,306,718,2.0,0,0.843816010925732,770
81,306,748,2.0,-8,0.159652892295782,770
82,306,708,2.0,23,0.0,770
83,306,788,2.0,33,0.362313268955211,770
84,306,758,2.0,35,0.304595533310332,770
85,306,708,2.0,31,0.0,770
86,306,708,2.0,0,0.468171017906796,770
87,306,758,2.0,30,0.0,770
88,306,758,2.0,-7,0.349162703567048,770
89,306,718,2.0,4,0.691406932535311,770
90,306,738,2.0,34,0.016224713485762,770
91,306,788,2.0,33,0.989679011081021,770
92,306,718,2.0,35,0.972967755463978,770
93,306,758,2.0,-7,0.015355603112811,770
94,306,738,2.0,-7,0.117818799277636,770
95,306,738,2.0,-3,0.519770690792722,770
96,306,718,2.0,-3,0.375728343499362,770
97,306,738,2.0,3,0.735499267892107,770
98,306,758,2.0,2,0.740504732211297,770
99,331,801,10.0,29,0.508795245110375,720
100,306,748,2.0,-7,0.0,770
101,306,738,2.0,-2,0.990829120393872,770
102,306,698,2.0,26,0.645942690082131,770
103,306,708,2.0,26,0.391235030437714,770
104,306,708,2.0,24,0.13597215241142,770
105,306,738,2.0,0,0.989828995688258,770
106,306,778,2.0,34,0.938397636616523,770
107,306,788,2.0,37,0.990129851545301,770
108,306,768,2.0,54,0.997234644074359,770
109,44924,760,7.0,45,0.9991903907155,740
110,306,718,2.0,32,0.937737693002481,770
111,306,738,2.0,-3,0.552821779342709,770
112,306,788,2.0,33,0.34002149107456,770
113,306,778,2.0,-7,0.0,770
114,306,738,2.0,-2,0.781285200445939,770
115,44924,760,7.0,31,0.995285427104889,740
116,306,788,2.0,24,0.822003369031337,770
117,100069,754,8.0,2,0.333407011468449,730
118,306,778,2.0,30,0.90607536972172,770
119,306,748,2.0,-8,0.016780758239233,770
120,35915,741,11.0,9,0.000162677222035,720
121,306,758,2.0,55,0.99621961775269,770
122,306,748,2.0,5,0.045631718866128,770
123,306,738,2.0,35,0.047527412957917,770
124,306,748,2.0,-8,0.170666627766189,770
125,306,788,2.0,33,0.639814333723854,770
126,306,718,2.0,32,0.704372655219657,770
127,331,801,10.0,30,0.999202465524446,720
128,331,801,10.0,-6,0.410927207271613,720
129,306,768,2.0,24,0.463825051402843,770
130,55772,764,0.0,23,0.0,800
131,306,778,2.0,39,0.5188940348068,770
132,306,748,2.0,-8,0.009168313700546,770
133,306,778,2.0,34,0.879177925076174,770
134,44924,704,7.0,26,0.021989590075412,740
135,306,788,2.0,50,0.923703104769368,770
136,306,778,2.0,50,0.0,770
137,306,788,2.0,44,0.989045085179227,770
138,331,801,10.0,16,0.960967888447296,720
139,306,778,2.0,24,0.986097330215121,770
140,306,778,2.0,23,0.029146254831314,770
141,306,788,2.0,34,0.332804054804208,770
142,306,758,2.0,35,0.006490982764525,770
143,55772,764,0.0,21,0.301553510745645,800
144,306,698,2.0,2,0.932663429121829,770
145,306,768,2.0,54,0.479369822765177,770
146,306,748,2.0,32,0.380964754949881,770
147,306,758,2.0,-7,0.0,770
148,361,739,5.0,37,0.903598216128895,750
149,306,698,2.0,2,0.464763422473001,770
150,306,698,2.0,0,0.567896276974179,770
151,306,758,2.0,53,0.090863850190054,770
152,306,738,2.0,-8,0.328429064418847,770
153,361,739,5.0,32,0.323134373858334,750
154,306,708,2.0,27,0.965991942367263,770
155,361,739,5.0,32,0.007980078991044,750
156,361,739,5.0,42,0.975805936741259,750
157,306,788,2.0,58,0.258291520947369,770
158,306,708,2.0,28,0.460855123611614,770
159,361,739,5.0,35,0.369062285545697,750
160,306,708,2.0,1,0.468171017906796,770
161,361,739,5.0,36,0.997484599437109,750
162,361,739,5.0,32,0.981380355339822,750
163,306,778,2.0,36,0.419376869537211,770
164,306,778,2.0,23,0.237033091417538,770
165,306,788,2.0,25,0.982408642977835,770
166,306,778,2.0,37,0.99786067445166,770
167,306,778,2.0,32,0.082156400947849,770
168,306,758,2.0,-8,0.982139390536953,770
169,306,718,2.0,23,0.094722813035866,770
170,306,788,2.0,33,0.156691671431075,770
171,306,778,2.0,25,0.485433416551685,770
172,331,801,10.0,31,0.995305463336704,720
173,306,708,2.0,-1,0.698492116519419,770
174,306,778,2.0,33,0.068600189142905,770
175,306,758,2.0,-6,0.0,770
176,306,708,2.0,-2,0.422137918303849,770
177,306,708,2.0,27,0.0,770
178,306,768,2.0,31,0.718101473967091,770
179,381,744,3.0,26,0.335934409327208,760
180,306,768,2.0,52,0.094601680989249,770
181,306,778,2.0,36,0.997207809577213,770
182,306,778,2.0,29,0.953603234873515,770
183,306,778,2.0,-7,0.045061435122488,770
184,306,718,2.0,28,0.582262279896995,770
185,306,718,2.0,26,0.54009548236702,770
186,306,778,2.0,34,0.996411665794709,770
187,306,768,2.0,24,0.991360794097629,770
188,306,718,2.0,-3,0.310357871851369,770
189,361,739,5.0,23,0.976699101740696,750
190,306,738,2.0,2,0.458391552365735,770
191,306,718,2.0,-1,0.9875000146118,770
192,306,698,2.0,23,0.28396904569505,770
193,306,748,2.0,-7,0.168993611084729,770
194,306,718,2.0,35,0.995839489695643,770
195,306,748,2.0,30,0.63318296436268,770
196,306,778,2.0,33,0.994910960948938,770
197,306,778,2.0,48,0.421958535375562,770
198,306,778,2.0,33,0.0,770
199,306,698,2.0,40,0.011764786613134,770
200,306,758,2.0,32,0.997516669976717,770
201,306,718,2.0,26,0.39534314711824,770
202,306,788,2.0,34,0.995580301824843,770
203,306,718,2.0,24,0.909475608409515,770
204,306,748,2.0,-8,0.019035883563253,770
205,306,718,2.0,32,0.753065665459257,770
206,306,718,2.0,29,0.998634802603117,770
207,306,738,2.0,30,0.0,770
208,306,758,2.0,33,0.0,770
209,306,778,2.0,35,0.99601136993502,770
210,306,778,2.0,33,0.183848915469228,770
211,306,738,2.0,31,0.994910960948938,770
212,306,708,2.0,-2,0.871864428544844,770
213,306,718,2.0,1,0.212150847636325,770
214,306,768,2.0,33,0.946822865992526,770
215,306,768,2.0,37,0.006490982764525,770
216,306,778,2.0,29,0.685363327882529,770
217,306,708,2.0,28,0.074318001488829,770
218,306,788,2.0,35,0.304595533310332,770
219,306,698,2.0,35,0.378332108402162,770
220,306,738,2.0,30,0.999091518918306,770
221,306,778,2.0,33,0.00932066305183,770
222,306,778,2.0,29,0.996011696355148,770
223,306,738,2.0,-8,0.756088585485126,770
224,306,778,2.0,40,0.004885711473756,770
225,306,788,2.0,37,0.0,770
226,306,778,2.0,-8,0.0,770
227,306,698,2.0,1,0.21586653445636,770
228,306,768,2.0,-8,0.019035883563253,770
229,306,708,2.0,-1,0.829076728784284,770
230,60569,754,10.0,44,0.2679821727473,720
231,306,748,2.0,36,0.995878563734993,770
232,306,768,2.0,33,0.115843000556569,770
233,306,738,2.0,28,0.838026992243047,770
234,306,718,2.0,29,0.241854413707205,770
235,306,698,2.0,32,0.139095312175756,770
236,306,698,2.0,1,0.264764486528257,770
237,306,778,2.0,37,0.903598216128895,770
238,306,778,2.0,37,0.0,770
239,361,739,5.0,35,0.383653799720581,750
240,306,698,2.0,1,0.834455705369734,770
241,306,738,2.0,35,0.991201727176274,770
242,306,718,2.0,36,0.000974595690627,770
243,306,768,2.0,52,0.515870061584153,770
244,306,718,2.0,-1,0.243445578971722,770
245,306,738,2.0,37,0.990129851545301,770
246,306,738,2.0,33,0.994910960948938,770
247,55772,724,6.2,23,0.996048785281964,740
248,306,788,2.0,35,0.952220695670364,770
249,306,718,2.0,-2,0.370079255650304,770
250,306,778,2.0,25,0.0,770
251,306,738,2.0,34,0.0,770
252,306,718,2.0,-1,0.821559856864021,770
253,361,739,5.0,24,0.175516356264938,750
254,306,788,2.0,33,0.588001363879994,770
255,306,768,2.0,33,0.1885874537751,770
256,306,768,2.0,34,0.998752344133444,770
257,306,708,2.0,29,0.458284855877296,770
258,306,698,2.0,0,0.606073258499382,770
259,366,735,4.0,3,0.997435806135744,750
260,361,739,5.0,32,0.999213598160332,750
261,306,778,2.0,37,0.378332108402162,770
262,306,748,2.0,-7,0.533811561303642,770
263,306,788,2.0,25,0.258728871110599,770
264,306,788,2.0,25,0.922406252052276,770
265,361,739,5.0,35,0.0,750
266,306,738,2.0,5,0.140946320160484,770
267,306,738,2.0,0,0.053443224291423,770
268,306,788,2.0,34,0.0,770
269,306,788,2.0,34,0.0,770
270,306,758,2.0,-8,0.619416308559924,770
271,306,708,2.0,2,0.994399586437931,770
272,306,778,2.0,33,0.997410514462813,770
273,306,718,2.0,2,0.897938158049412,770
274,306,708,2.0,2,0.738539228532678,770
275,306,698,2.0,26,0.064165223465374,770
276,306,738,2.0,-8,0.01169832130829,770
277,306,718,2.0,3,0.13779396659331,770
278,306,738,2.0,0,0.783917499523811,770
279,306,718,2.0,1,0.740504732211297,770
280,306,718,2.0,0,0.99731991020524,770
281,306,788,2.0,34,0.0,770
282,306,718,2.0,-2,0.256563888461167,770
283,366,735,4.0,-2,0.318576187587537,750
284,306,738,2.0,2,0.989644305689142,770
285,306,718,2.0,-1,0.50394235245697,770
286,306,738,2.0,36,0.972967755463978,770
287,306,768,2.0,59,0.967402098656835,770
288,306,778,2.0,37,0.897175245514024,770
289,306,788,2.0,22,0.13597215241142,770
290,306,718,2.0,3,0.172223887440743,770
291,306,718,2.0,-3,0.0,770
292,306,768,2.0,33,0.000165668725853,770
293,306,778,2.0,24,0.00588832846063,770
294,306,698,2.0,24,0.602201392177058,770
295,306,708,2.0,3,0.994455509734604,770
296,60603,764,9.0,-7,0.030963862666599,730
297,60603,764,9.0,-8,0.295389394253534,730
298,60603,764,9.0,-7,0.756088585485126,730
299,361,739,5.0,22,0.226474011702733,750
300,306,778,2.0,38,0.995989267111244,770
301,306,778,2.0,34,0.463297860383237,770
302,306,718,2.0,4,0.997435806135744,770
303,306,758,2.0,36,0.995668634896452,770
304,60603,764,9.0,-8,0.000489921670931,730
305,306,718,2.0,3,0.504282163015592,770
306,306,738,2.0,0,0.606073258499382,770
307,306,708,2.0,4,0.323288558357183,770
308,306,718,2.0,3,0.030267427709107,770
309,306,748,2.0,30,0.966145926955524,770
310,60603,764,9.0,-7,0.34711239525603,730
311,306,778,2.0,33,0.115259327078031,770
312,306,778,2.0,33,0.0,770
313,306,698,2.0,35,0.998256562374441,770
314,306,708,2.0,4,0.951207526098093,770
315,306,778,2.0,57,0.781276649480013,770
316,306,758,2.0,24,0.979105874417977,770
317,306,778,2.0,33,0.99558378319359,770
318,361,739,5.0,23,0.0,750
319,306,738,2.0,-3,0.305521334005036,770
320,366,735,4.0,3,0.12822301389613,750
321,60603,764,9.0,-3,0.528571281057395,730
322,60603,764,9.0,-8,0.024838803179131,730
323,366,735,4.0,1,0.336131617237985,750
324,306,718,2.0,-1,0.895132777571217,770
325,306,768,2.0,37,0.0,770
326,306,768,2.0,33,0.008409542290292,770
327,361,739,5.0,32,0.984259663074623,750
328,306,708,2.0,3,0.409974346909707,770
329,306,758,2.0,-7,0.0,770
330,306,738,2.0,34,0.998660232529891,770
331,306,718,2.0,32,0.050832802325304,770
332,306,788,2.0,33,0.106891258284962,770
333,60603,764,9.0,-2,0.482885022118356,730
334,60603,764,9.0,-2,0.625060734349342,730
335,60603,764,9.0,1,0.428798824504696,730
336,60603,764,9.0,-7,0.425429442426588,730
337,306,768,2.0,54,0.005087868033249,770
338,306,738,2.0,2,0.00089892351943,770
339,306,718,2.0,-3,0.256563888461167,770
340,366,735,4.0,-2,0.370079255650304,750
341,306,708,2.0,0,0.498960745656364,770
342,306,788,2.0,36,0.0,770
343,306,778,2.0,33,0.997516669976717,770
344,306,708,2.0,-1,0.287810273023367,770
345,361,739,5.0,41,0.997712921271473,750
346,306,778,2.0,33,0.082156400947849,770
347,306,708,2.0,5,0.25611560162309,770
348,306,738,2.0,1,0.404228041488357,770
349,306,718,2.0,4,0.851002142251287,770
350,366,735,4.0,-3,0.319215444768318,750
351,306,778,2.0,36,0.917490855519503,770
352,58480,704,13.0,9,0.797837020096459,710
353,306,708,2.0,28,0.181471393271774,770
354,306,718,2.0,26,0.331960570765105,770
355,361,739,5.0,23,0.64607497528914,750
356,306,738,2.0,5,0.813700114980619,770
357,306,738,2.0,-2,0.373490930083151,770
358,55772,724,6.2,23,0.236661534929158,740
359,306,778,2.0,27,0.831621670586058,770
360,306,788,2.0,33,0.991850168482094,770
361,306,788,2.0,37,0.378332108402162,770
362,306,788,2.0,34,0.007571494936721,770
363,366,735,4.0,25,0.913880346330279,750
364,306,778,2.0,40,0.996194980518929,770
365,306,738,2.0,0,0.030246296713246,770
366,366,735,4.0,2,0.759226400177805,750
367,361,739,5.0,30,0.380668698223009,750
368,306,738,2.0,23,0.194431035320387,770
369,306,788,2.0,23,0.995906059143676,770
370,60603,764,9.0,-7,0.319546433720015,730
371,306,708,2.0,2,0.098672344048981,770
372,306,778,2.0,-7,0.126139988336613,770
373,366,735,4.0,3,0.465173125465956,750
374,306,738,2.0,-7,0.136472281064844,770
375,366,735,4.0,4,0.851002142251287,750
376,366,735,4.0,1,0.610183237594938,750
377,361,739,5.0,32,0.995388108311995,750
378,361,739,5.0,30,0.633630979593829,750
379,306,788,2.0,34,0.671722470669679,770
380,306,778,2.0,35,0.116698485289519,770
381,306,718,2.0,24,0.023025919447702,770
382,306,738,2.0,-7,0.054797792691685,770
383,366,735,4.0,2,0.994455509734604,750
384,306,718,2.0,24,0.998201841098981,770
385,55772,724,6.2,22,0.145034788742873,740
386,361,739,5.0,34,0.998666896487412,750
387,306,768,2.0,49,0.083212780030323,770
388,306,788,2.0,37,0.070805474471787,770
389,306,738,2.0,27,0.998693163224976,770
390,306,718,2.0,28,0.741185856118892,770
391,361,739,5.0,28,0.998367399059735,750
392,306,748,2.0,-8,0.210768128688363,770
393,306,758,2.0,-7,0.441413539126897,770
394,306,788,2.0,37,0.0,770
395,60603,764,9.0,-2,0.371454777166322,730
396,306,718,2.0,2,0.555883545231291,770
397,60603,764,9.0,1,0.504282163015592,730
398,60603,764,9.0,-7,0.32645933023547,730
399,306,788,2.0,39,0.182456458079263,770
400,306,708,2.0,28,0.389635504065004,770
401,306,738,2.0,31,0.000584136446543,770
402,306,748,2.0,23,0.080141361384925,770
403,306,778,2.0,34,0.973779101584302,770
404,306,768,2.0,41,0.986883056167769,770
405,306,738,2.0,32,0.214914521426465,770
406,306,788,2.0,37,0.0,770
407,306,758,2.0,33,0.025561948065741,770
408,306,738,2.0,-3,0.305521334005036,770
409,306,718,2.0,32,0.144809845333113,770
410,306,738,2.0,-2,0.827105843407709,770
411,306,718,2.0,-2,0.80642676217816,770
412,306,718,2.0,26,0.001451806068509,770
413,306,778,2.0,37,0.917490855519503,770
414,306,768,2.0,-7,0.07814746261017,770
415,306,788,2.0,38,0.002706726681461,770
416,306,788,2.0,39,0.078150298590467,770
417,306,698,2.0,2,0.834455705369734,770
418,306,738,2.0,-7,0.916311215904313,770
419,306,738,2.0,-1,0.879437642632995,770
420,306,718,2.0,27,0.239494856953734,770
421,306,788,2.0,36,0.992824104731578,770
422,306,718,2.0,-3,0.272958175520121,770
423,306,718,2.0,-1,0.0,770
424,306,738,2.0,0,0.332689439031381,770
425,306,738,2.0,30,0.631543666442919,770
426,306,718,2.0,31,0.085876205490756,770
427,306,788,2.0,37,0.0,770
428,306,788,2.0,37,0.0,770
429,306,778,2.0,37,0.213917737341575,770
430,306,708,2.0,26,0.624164885112109,770
431,306,778,2.0,33,0.063271055343444,770
432,306,778,2.0,33,0.000275718825178,770
433,306,778,2.0,34,0.998724901230298,770
434,306,738,2.0,-7,0.99791510906011,770
435,306,778,2.0,32,0.996147764361124,770
436,306,738,2.0,30,0.82531576243026,770
437,306,708,2.0,3,0.045631718866128,770
438,306,708,2.0,28,0.867802549274563,770
439,306,788,2.0,32,0.996304407942739,770
440,306,738,2.0,32,0.00932066305183,770
441,366,735,4.0,2,0.564859159239659,750
442,306,788,2.0,32,0.507688531159609,770
443,306,778,2.0,36,0.0,770
444,306,708,2.0,28,0.998634802603117,770
445,306,778,2.0,31,0.085876205490756,770
446,306,758,2.0,57,0.268444597743897,770
447,306,788,2.0,34,0.00091894401221,770
448,306,698,2.0,31,0.749757500617052,770
449,366,735,4.0,2,0.754503578527702,750
450,306,748,2.0,37,0.213917737341575,770
451,60603,764,9.0,-7,0.052567273787896,730
452,60603,764,9.0,-8,0.0,730
453,306,738,2.0,27,0.702095478412647,770
454,306,708,2.0,0,0.995109800061982,770
455,306,788,2.0,29,0.996107259185554,770
456,366,735,4.0,-2,0.389716605250373,750
457,306,718,2.0,28,0.84456165122292,770
458,306,718,2.0,-3,0.370079255650304,770
459,366,735,4.0,2,0.331277642017741,750
460,366,735,4.0,25,0.518488280601528,750
461,306,718,2.0,-2,0.967789511899023,770
462,60603,764,9.0,-7,0.002704564665942,730
463,60603,764,9.0,-7,0.11573913289716,730
464,306,778,2.0,28,0.998739106761128,770
465,306,738,2.0,35,0.998074167068787,770
466,306,778,2.0,31,0.997585268025508,770
467,306,758,2.0,31,0.966145926955524,770
468,366,735,4.0,26,0.847974242663081,750
469,306,698,2.0,1,0.056217974515888,770
470,306,788,2.0,29,0.997585268025508,770
471,306,788,2.0,40,0.992783004299691,770
472,306,788,2.0,40,0.156315912875323,770
473,306,698,2.0,24,0.594686351106505,770
474,366,735,4.0,27,0.063431580656761,750
475,306,708,2.0,28,0.997408288305584,770
476,366,735,4.0,25,0.146845099477302,750
477,306,778,2.0,35,0.0,770
478,306,788,2.0,33,0.737235416595573,770
479,306,788,2.0,37,0.984903798905784,770
480,306,788,2.0,34,0.995696733678419,770
481,306,708,2.0,37,0.996072662120075,770
482,306,738,2.0,-8,0.0,770
483,366,735,4.0,27,0.986907580277453,750
484,306,708,2.0,26,0.106557815623782,770
485,306,778,2.0,30,0.303856678686277,770
486,306,718,2.0,-2,0.864647965104486,770
487,306,738,2.0,36,0.213917737341575,770
488,306,718,2.0,27,0.286089263081467,770
489,306,718,2.0,36,0.990129851545301,770
490,366,735,4.0,43,0.348555976461329,750
491,306,788,2.0,40,0.659991765742878,770
492,306,778,2.0,38,0.997147133860075,770
493,306,768,2.0,41,0.995620342951611,770
494,306,758,2.0,57,0.997463232976029,770
495,366,735,4.0,43,0.474693883738204,750
496,60603,764,9.0,-8,0.432852296682739,730
497,366,735,4.0,25,0.997013459675448,750
498,306,698,2.0,27,0.998739106761128,770
499,306,718,2.0,24,0.997367145698399,770
500,306,708,2.0,25,0.258359760936978,770
501,306,788,2.0,32,0.1885874537751,770
502,306,778,2.0,37,0.99484622611311,770
503,306,788,2.0,37,0.99484622611311,770
504,306,758,2.0,33,0.994991958730022,770
505,306,768,2.0,38,0.996350382000251,770
506,306,778,2.0,31,0.161720786065769,770
507,306,748,2.0,37,1.001192309623592,770
508,306,788,2.0,36,1.001192309623592,770
509,306,718,2.0,4,0.839782129532323,770
510,306,718,2.0,0,0.300536356663845,770
511,306,718,2.0,28,0.035054248642894,770
512,306,718,2.0,28,0.997278112563811,770
513,306,708,2.0,25,0.554213493390854,770
514,60603,764,9.0,-8,0.019091693055908,730
515,60603,764,9.0,-2,0.843816010925732,730
516,60603,764,9.0,-2,0.375728343499362,730
517,306,778,2.0,35,0.998256562374441,770
518,306,698,2.0,0,0.39457458728032,770
519,306,698,2.0,0,0.731320484944881,770
520,306,708,2.0,34,0.194683465148106,770
521,306,718,2.0,28,0.0552849348296,770
522,306,778,2.0,25,0.990187889038464,770
523,306,698,2.0,23,0.998551865712795,770
524,306,708,2.0,0,0.218136600433365,770
525,306,788,2.0,23,0.99592172156987,770
526,361,739,5.0,31,0.996234014938245,750
527,306,778,2.0,38,0.0,770
528,306,718,2.0,4,0.758683949294424,770
529,306,788,2.0,36,0.996897853440343,770
530,306,698,2.0,31,0.994706381994914,770
531,306,778,2.0,26,0.991993420329421,770
532,366,735,4.0,3,0.999407346047344,750
533,366,735,4.0,-3,0.025572342060674,750
534,306,748,2.0,-8,0.285343532251158,770
535,306,788,2.0,40,0.0,770
536,306,708,2.0,32,0.995111952197746,770
537,306,788,2.0,36,0.005643189139268,770
538,306,788,2.0,30,0.153131363368405,770
539,366,735,4.0,4,0.267949013775953,750
540,306,738,2.0,-8,0.465388087448807,770
541,306,748,2.0,35,0.995932990598445,770
542,306,748,2.0,-8,0.055685086214626,770
543,366,735,4.0,0,0.568673050739165,750
544,366,735,4.0,1,0.336131617237985,750
545,366,735,4.0,4,0.193207048652086,750
546,366,735,4.0,32,0.995485725357972,750
547,306,778,2.0,35,0.967128884455755,770
548,306,698,2.0,36,0.0,770
549,306,718,2.0,28,1.000053561692677,770
550,306,788,2.0,36,0.358632266684784,770
551,366,735,4.0,25,0.004920832241846,750
552,306,708,2.0,25,0.996483305485004,770
553,306,738,2.0,37,0.560111396359907,770
554,366,735,4.0,0,0.081153438507551,750
555,306,778,2.0,32,0.995650745970188,770
556,306,788,2.0,29,0.996460589782861,770
557,306,788,2.0,29,0.200967057795398,770
558,306,778,2.0,28,0.63959682212102,770
559,306,738,2.0,38,0.996301748129895,770
560,366,735,4.0,4,0.951207526098093,750
561,306,788,2.0,30,0.005995718562278,770
562,306,788,2.0,30,0.407756238754106,770
563,306,718,2.0,31,0.349420834516728,770
564,306,788,2.0,31,0.984259663074623,770
565,306,788,2.0,31,0.529731851997784,770
566,306,698,2.0,30,0.0,770
567,366,735,4.0,26,0.942368490528678,750
568,306,758,2.0,-8,0.020340509660948,770
569,306,748,2.0,37,0.0,770
570,306,768,2.0,23,0.091862702638807,770
571,306,718,2.0,35,0.994885045660483,770
572,306,758,2.0,47,0.605812367893577,770
573,306,738,2.0,25,0.983999185140413,770
574,306,718,2.0,35,0.960717674165541,770
575,306,788,2.0,35,0.0,770
576,306,788,2.0,24,0.463825051402843,770
577,306,788,2.0,32,0.994670278474807,770
578,306,788,2.0,32,0.0,770
579,306,698,2.0,40,0.659991765742878,770
580,100069,754,8.0,2,0.458391552365735,730
581,100069,754,8.0,2,0.745058283110635,730
582,306,788,2.0,24,0.907436508980406,770
583,306,788,2.0,34,0.001177159968184,770
584,306,718,2.0,27,0.836756964961284,770
585,306,708,2.0,24,0.988946939712168,770
586,306,718,2.0,4,0.759474447321204,770
587,306,718,2.0,24,0.996094831814325,770
588,306,698,2.0,26,0.087850494619022,770
589,306,718,2.0,-3,0.360201363942151,770
590,306,788,2.0,40,0.605993450209064,770
591,306,768,2.0,57,0.326655123353371,770
592,306,788,2.0,36,0.494426708646153,770
593,306,778,2.0,36,0.323410630360768,770
594,306,718,2.0,27,0.937464115468121,770
595,306,788,2.0,24,0.175007915874253,770
596,306,778,2.0,45,0.870182674719438,770
597,306,778,2.0,40,0.017138734784087,770
598,366,735,4.0,-3,0.422137918303849,750
599,306,718,2.0,28,0.021989590075412,770
600,306,718,2.0,26,0.020541075803933,770
601,306,718,2.0,23,0.899492871824522,770
602,306,788,2.0,33,0.518395278569456,770
603,361,739,5.0,40,0.004885711473756,750
604,306,738,2.0,4,0.202012146071395,770
605,306,788,2.0,31,0.0,770
606,306,718,2.0,-2,0.698492116519419,770
607,306,778,2.0,34,0.833334164613923,770
608,306,778,2.0,37,0.014759780570974,770
609,306,738,2.0,-8,0.717727002526609,770
610,306,788,2.0,39,0.0,770
611,306,708,2.0,3,0.997241659192166,770
612,306,768,2.0,58,0.176355420678648,770
613,306,778,2.0,41,0.998522227863429,770
614,366,735,4.0,3,0.030267427709107,750
615,306,778,2.0,35,0.997207809577213,770
616,306,698,2.0,30,0.583434318875686,770
617,306,758,2.0,36,0.006490982764525,770
618,306,788,2.0,36,0.01170691944072,770
619,306,778,2.0,28,0.181471393271774,770
620,306,778,2.0,29,0.63318296436268,770
621,306,788,2.0,30,0.339734924145754,770
622,306,788,2.0,30,0.0,770
623,306,768,2.0,36,0.0,770
624,306,788,2.0,37,0.043853857914384,770
625,306,778,2.0,34,0.995696733678419,770
626,306,788,2.0,31,0.633630979593829,770
627,306,768,2.0,38,0.0,770
628,306,718,2.0,24,0.444164464933433,770
629,306,788,2.0,32,0.082156400947849,770
630,306,788,2.0,31,0.0,770
631,306,778,2.0,28,0.658443987473399,770
632,306,738,2.0,-8,0.159903660365092,770
633,306,788,2.0,36,0.997147133860075,770
634,306,708,2.0,-2,0.06055565452603,770
635,306,698,2.0,23,0.785458864296681,770
636,306,718,2.0,-3,0.341154435123865,770
637,306,698,2.0,23,0.308270679300282,770
638,306,788,2.0,24,0.264677598095201,770
639,306,738,2.0,-7,0.493612899697696,770
640,306,778,2.0,40,0.000260972899183,770
641,306,788,2.0,23,0.996048785281964,770
642,306,778,2.0,25,0.933041598940306,770
643,306,778,2.0,33,0.472814190777572,770
644,306,718,2.0,25,0.152857900958143,770
645,306,718,2.0,2,0.976268088681564,770
646,306,708,2.0,-2,0.256563888461167,770
647,306,708,2.0,24,0.95130317680955,770
648,306,788,2.0,30,0.905066692858176,770
649,306,708,2.0,1,0.283317986268317,770
650,306,778,2.0,31,0.076497327095785,770
651,361,739,5.0,31,0.99078625874858,750
652,366,735,4.0,24,0.564867468156016,750
653,361,739,5.0,35,0.358632266684784,750
654,306,708,2.0,-2,0.422137918303849,770
655,60603,764,9.0,-7,0.328979686764347,730
656,306,788,2.0,30,0.887922947870388,770
657,306,738,2.0,-1,0.310357871851369,770
658,306,718,2.0,28,0.39534314711824,770
659,306,778,2.0,31,0.997741654212177,770
660,306,708,2.0,27,0.130345425090372,770
661,306,718,2.0,-3,0.305521334005036,770
662,366,735,4.0,22,0.102120456132506,750
663,306,738,2.0,31,0.996062161979932,770
664,306,708,2.0,28,0.111683365961912,770
665,306,778,2.0,30,0.196227885420361,770
666,306,778,2.0,30,0.041162589321142,770
667,306,718,2.0,34,0.385035492350023,770
668,306,708,2.0,25,0.403459728245106,770
669,306,768,2.0,31,0.777283165484891,770
670,306,788,2.0,32,0.529731851997784,770
671,306,788,2.0,30,0.99535498890405,770
672,306,718,2.0,24,0.161895704857467,770
673,306,778,2.0,31,0.445349191296789,770
674,306,778,2.0,31,0.868196066181009,770
675,306,778,2.0,31,0.639441612041359,770
676,306,788,2.0,32,0.926133883817256,770
677,306,778,2.0,34,0.766163325825654,770
678,60603,764,9.0,-7,0.017408210822951,730
679,60603,764,9.0,-8,0.0,730
680,306,718,2.0,-3,0.381259920692359,770
681,306,698,2.0,28,0.997278112563811,770
682,366,735,4.0,33,0.198613581393689,750
683,306,768,2.0,34,0.025561948065741,770
684,306,758,2.0,33,0.214914521426465,770
685,60603,764,9.0,-7,0.002201975385542,730
686,306,738,2.0,-8,0.011572705463704,770
687,306,778,2.0,29,0.998161284957546,770
688,306,718,2.0,-2,0.320556738724147,770
689,306,778,2.0,27,0.63959682212102,770
690,306,698,2.0,31,0.996155935121461,770
691,306,788,2.0,32,0.995771242088272,770
692,306,778,2.0,29,0.999202465524446,770
693,306,718,2.0,27,0.074318001488829,770
694,306,778,2.0,29,0.996460589782861,770
695,306,718,2.0,30,0.996304407942739,770
696,306,788,2.0,39,0.22229832187519,770
697,306,778,2.0,37,0.0,770
698,306,788,2.0,37,0.01170691944072,770
699,306,718,2.0,27,0.997533414394832,770
700,306,788,2.0,31,0.385896206067629,770
701,306,788,2.0,32,0.9955437617137,770
702,306,788,2.0,39,0.888976717992976,770
703,306,788,2.0,32,0.992287341166925,770
704,306,698,2.0,32,0.446658525223253,770
705,306,698,2.0,31,0.995662124006352,770
706,306,738,2.0,4,0.097171511180568,770
707,306,748,2.0,-8,0.211755989814877,770
708,306,778,2.0,36,0.157561940192554,770
709,306,768,2.0,24,0.946788635106543,770
710,306,788,2.0,31,0.00932066305183,770
711,306,698,2.0,26,0.994005722384966,770
712,306,758,2.0,23,0.162486676840484,770
713,306,738,2.0,36,0.013070929207591,770
714,306,758,2.0,40,0.983092463724635,770
715,306,778,2.0,40,0.059934854094239,770
716,306,788,2.0,40,0.000160708988095,770
717,306,758,2.0,23,0.166316001747723,770
718,306,788,2.0,24,0.146871904335685,770
719,306,788,2.0,23,0.222542330738695,770
720,306,758,2.0,33,0.139095312175756,770
721,306,718,2.0,24,0.232242105511295,770
722,306,698,2.0,27,0.990904741740246,770
723,306,698,2.0,31,0.749757500617052,770
724,306,788,2.0,30,0.0,770
725,306,768,2.0,25,0.239494856953734,770
726,306,708,2.0,27,0.998904100705302,770
727,306,698,2.0,28,0.134172400362299,770
728,306,778,2.0,30,0.9982716835234,770
729,306,718,2.0,27,0.908006638911366,770
730,306,788,2.0,22,0.785458864296681,770
731,306,708,2.0,35,0.0,770
732,306,708,2.0,28,0.995951225192358,770
733,331,801,10.0,28,0.963347461090835,720
734,306,788,2.0,29,0.63318296436268,770
735,306,778,2.0,29,0.996011696355148,770
736,306,788,2.0,30,0.9982716835234,770
737,306,698,2.0,31,0.529731851997784,770
738,306,768,2.0,54,0.621699334392852,770
739,306,718,2.0,32,0.996522209419173,770
740,306,738,2.0,28,0.988663051170972,770
741,306,718,2.0,24,0.057051457812844,770
742,306,778,2.0,23,0.050382145251502,770
743,306,788,2.0,37,0.0,770
744,306,708,2.0,26,0.0,770
745,306,718,2.0,32,0.994910960948938,770
746,361,739,5.0,26,0.79901332277378,750
747,306,718,2.0,24,0.010730283761982,770
748,306,738,2.0,36,0.142402822146156,770
749,306,738,2.0,1,0.346877949508545,770
750,366,735,4.0,48,0.869139193177064,750
751,306,718,2.0,27,0.876705159290481,770
752,306,708,2.0,25,1.002654017975169,770
753,306,718,2.0,25,0.332297801545917,770
754,361,739,5.0,-8,0.0,750
755,306,788,2.0,50,0.990692729653064,770
756,306,708,2.0,-3,0.713455774838545,770
757,306,718,2.0,32,0.404197949592217,770
758,306,718,2.0,27,0.997533414394832,770
759,306,698,2.0,25,0.563631136049429,770
760,306,788,2.0,27,0.989311832832172,770
761,306,778,2.0,30,0.962599863875678,770
762,306,698,2.0,31,0.996981106581752,770
763,306,718,2.0,28,0.91113726594099,770
764,306,778,2.0,31,0.77535074066935,770
765,306,718,2.0,24,0.994909462237607,770
766,306,778,2.0,31,0.994706381994914,770
767,306,788,2.0,32,0.588001363879994,770
768,306,708,2.0,-3,0.283014431273634,770
769,306,778,2.0,31,0.050832802325304,770
770,306,698,2.0,31,0.995323507153106,770
771,306,698,2.0,31,0.925433663850866,770
772,361,739,5.0,44,0.995201727906436,750
773,306,758,2.0,-7,0.067649824551062,770
774,306,788,2.0,31,0.000914717057487,770
775,306,788,2.0,32,0.0,770
776,306,788,2.0,40,0.990797550680817,770
777,58480,704,13.0,9,0.968877757864864,710
778,306,718,2.0,-3,0.381259920692359,770
779,306,708,2.0,25,0.998714396155091,770
780,306,748,2.0,-7,0.103603365430254,770
781,60569,754,10.0,43,0.998522227863429,720
782,306,778,2.0,25,0.836756964961284,770
783,306,708,2.0,26,0.064165223465374,770
784,306,718,2.0,28,0.043788969522304,770
785,306,718,2.0,27,0.886874778448205,770
786,306,718,2.0,24,0.912446183994202,770
787,306,718,2.0,32,0.998588436621741,770
788,306,718,2.0,27,0.946856130435263,770
789,306,778,2.0,24,0.00064946450186,770
790,306,758,2.0,56,0.998416842265384,770
791,55772,764,0.0,26,0.013015270383311,800
792,306,718,2.0,-3,0.687539795978667,770
793,306,708,2.0,27,0.995019085946699,770
794,306,718,2.0,27,0.995019085946699,770
795,306,708,2.0,29,0.800817998785373,770
796,306,738,2.0,28,0.904438374305277,770
797,306,768,2.0,36,0.990336909184246,770
798,306,758,2.0,24,0.997019623295046,770
799,306,778,2.0,45,0.257309135610334,770
800,306,708,2.0,-3,0.827105843407709,770
801,306,708,2.0,25,0.953885444943591,770
802,306,778,2.0,39,0.160907281931867,770
803,306,768,2.0,-6,0.251312317538738,770
804,306,718,2.0,35,0.465712425677098,770
805,306,718,2.0,26,0.997047722157462,770
806,306,788,2.0,29,0.293082608806458,770
807,306,708,2.0,1,0.177233432154945,770
808,306,708,2.0,25,0.096858009487575,770
809,306,778,2.0,35,0.008409542290292,770
810,306,708,2.0,28,0.968439239236717,770
811,306,788,2.0,30,0.77535074066935,770
812,306,758,2.0,31,0.0,770
813,306,778,2.0,37,0.984903798905784,770
814,361,739,5.0,4,0.97245138900626,750
815,60603,764,9.0,-8,0.352897658020595,730
816,306,718,2.0,3,0.754503578527702,770
817,306,698,2.0,35,0.224332342049523,770
818,306,718,2.0,24,0.399594575416381,770
819,306,718,2.0,27,0.517717381550239,770
820,306,778,2.0,32,0.996304407942739,770
821,306,788,2.0,33,0.737235416595573,770
822,306,718,2.0,25,0.951056501442499,770
823,55772,764,0.0,23,0.564867468156016,800
824,306,788,2.0,39,0.0,770
825,306,778,2.0,42,0.189397120656812,770
826,306,708,2.0,4,0.998289876122977,770
827,306,778,2.0,41,0.795390752891648,770
828,306,738,2.0,28,0.997752267801236,770
829,306,788,2.0,34,0.998874606737471,770
830,60603,764,9.0,-8,0.313102376851962,730
831,306,768,2.0,33,0.791980308288161,770
832,55772,764,0.0,22,0.163719567296469,800
833,306,758,2.0,-7,0.0,770
834,306,778,2.0,27,0.075482485633978,770
835,306,778,2.0,41,0.0,770
836,55772,764,0.0,23,0.003541914452938,800
837,55772,764,0.0,23,0.95130317680955,800
838,306,738,2.0,27,0.006176308879648,770
839,55772,764,0.0,23,0.009264297804212,800
840,55772,764,0.0,22,0.954447276365172,800
841,306,768,2.0,34,0.397650242516594,770
842,55772,764,0.0,23,0.963778672119513,800
843,55772,764,0.0,23,0.28396904569505,800
844,306,718,2.0,24,0.990598971846472,770
845,306,788,2.0,33,0.981407841453731,770
846,306,788,2.0,37,0.0,770
847,306,788,2.0,38,0.994923715992879,770
848,306,778,2.0,29,0.685363327882529,770
849,55772,764,0.0,23,0.671229527335711,800
850,306,788,2.0,37,0.378332108402162,770
851,306,778,2.0,37,0.996747409555281,770
852,306,788,2.0,40,0.927799935863272,770
853,306,778,2.0,23,0.093869439491861,770
854,306,778,2.0,33,0.085876205490756,770
855,306,778,2.0,34,0.007571494936721,770
856,306,788,2.0,37,0.005643189139268,770
857,306,788,2.0,37,0.070805474471787,770
858,306,718,2.0,28,0.918952301487294,770
859,306,778,2.0,40,0.0,770
860,306,788,2.0,40,0.998202505288021,770
861,55772,764,0.0,23,0.689197783335211,800
862,306,778,2.0,38,0.117155369782415,770
863,55772,764,0.0,22,0.310591232952465,800
864,55772,764,0.0,22,0.70811561902771,800
865,306,778,2.0,37,0.072654515991398,770
866,306,788,2.0,28,0.989698785810378,770
867,366,735,4.0,-3,0.301090092478246,750
868,306,778,2.0,31,0.99640110884634,770
869,306,718,2.0,3,0.047360240007826,770
870,35915,700,11.0,24,0.997367145698399,720
871,306,758,2.0,36,0.953942096500788,770
872,306,768,2.0,23,0.0,770
873,306,778,2.0,37,0.378332108402162,770
874,306,708,2.0,-3,0.895132777571217,770
875,306,738,2.0,-7,0.09217796952863,770
876,306,708,2.0,-3,0.781285200445939,770
877,306,778,2.0,48,0.176049134425789,770
878,306,768,2.0,60,0.165729204282889,770
879,306,778,2.0,36,0.973779101584302,770
880,306,788,2.0,23,0.996446904739637,770
881,306,718,2.0,29,0.989698785810378,770
882,306,788,2.0,36,0.0,770
883,306,768,2.0,34,0.369062285545697,770
884,12620,744,14.0,47,0.748593575239447,710
885,60569,754,10.0,44,0.9991903907155,720
886,306,768,2.0,31,0.990544976324672,770
887,306,768,2.0,33,0.0,770
888,306,718,2.0,1,0.783003584704463,770
889,306,748,2.0,37,0.378332108402162,770
890,55772,764,0.0,26,1.000640894368846,800
891,306,768,2.0,34,0.047527412957917,770
892,10250,754,15.0,-1,0.215481458537449,705
893,306,698,2.0,2,0.12188511242833,770
894,55772,764,0.0,26,0.558925326622711,800
895,306,748,2.0,3,0.963231347680961,770
896,306,768,2.0,59,0.426665604644502,770
897,55772,764,0.0,23,0.0,800
898,306,708,2.0,31,0.61624641380345,770
899,306,698,2.0,22,0.342880896871666,770
900,306,738,2.0,-8,0.291610629893168,770
901,55772,764,0.0,22,0.996094831814325,800
902,306,698,2.0,35,0.996897853440343,770
903,20583,764,20.0,3,0.333407011468449,705
904,306,708,2.0,-2,0.687539795978667,770
905,306,788,2.0,54,0.08397761634038,770
906,60569,754,10.0,45,0.969625761895242,720
907,306,738,2.0,28,0.146826156194974,770
908,306,698,2.0,35,0.463297860383237,770
909,55772,764,0.0,22,0.364223439698343,800
910,55772,764,0.0,22,0.13597215241142,800
911,55772,764,0.0,23,0.995920591395925,800
912,306,758,2.0,47,0.384679757121403,770
913,60569,754,10.0,43,0.076707751334046,720
914,60569,754,10.0,44,0.988857392880711,720
915,326,801,2.0,27,0.26911225113521,770
916,381,744,3.0,28,0.713956204728514,760
917,306,698,2.0,30,0.013688728643881,770
918,331,801,10.0,-6,0.027916003642418,720
919,55772,764,0.0,23,0.36724064831556,800
920,12620,744,14.0,47,0.001778324980424,710
921,55772,764,0.0,26,0.5705645801282,800
922,381,744,3.0,28,0.996561182444162,760
923,44924,760,7.0,39,0.000160708988095,740
924,306,778,2.0,47,0.0,770
925,306,788,2.0,40,0.156315912875323,770
926,306,758,2.0,-7,0.542663175072653,770
927,306,708,2.0,28,0.993302158429323,770
928,306,768,2.0,60,0.869403625661316,770
929,306,698,2.0,26,0.990187889038464,770
930,306,768,2.0,33,0.15166277283941,770
931,306,698,2.0,25,0.96464298927388,770
932,306,758,2.0,-7,0.092186162368367,770
933,306,738,2.0,29,0.749757500617052,770
934,381,744,3.0,27,0.991283215369186,760
935,306,778,2.0,57,0.255262829237986,770
936,306,768,2.0,56,0.918683343441718,770
937,381,744,3.0,28,0.886874778448205,760
938,306,758,2.0,56,0.637555680295221,770
939,306,738,2.0,34,0.994991958730022,770
940,306,758,2.0,-7,0.42306361444374,770
941,306,738,2.0,1,0.39457458728032,770
942,306,748,2.0,34,0.952220695670364,770
943,306,778,2.0,31,0.99129157785464,770
944,306,778,2.0,40,0.294560014349937,770
945,306,758,2.0,58,0.36774010419697,770
946,306,708,2.0,25,0.00064946450186,770
947,326,801,2.0,8,0.202631063656731,770
948,381,744,3.0,25,0.162387100055954,760
949,306,718,2.0,29,0.241854413707205,770
950,306,758,2.0,58,0.00231859878719,770
951,60603,764,9.0,-8,0.976984196777387,730
952,55772,734,0.0,42,0.254232262061997,800
953,55772,734,0.0,42,0.849495562161117,800
954,55772,734,22.0,32,0.120389872883927,700
955,306,708,2.0,26,0.867802549274563,770
956,55772,734,15.12,23,0.671682315483662,705
957,306,768,2.0,54,0.02001831378149,770
958,306,718,2.0,26,0.994891990568816,770
959,331,801,10.0,28,1.000640894368846,720
960,306,778,2.0,50,0.055364529521637,770
961,306,748,2.0,-8,0.194003149545145,770
962,55772,744,11.0,24,0.300139820865174,720
963,306,718,2.0,27,0.093502553635773,770
964,306,698,2.0,1,0.996660095591781,770
965,306,738,2.0,29,0.999091518918306,770
966,381,744,3.0,25,0.995891282890636,760
967,55772,734,22.0,29,0.041162589321142,700
968,306,738,2.0,29,0.989698785810378,770
969,306,778,2.0,50,0.932928102376341,770
970,306,778,2.0,51,0.082654185396354,770
971,306,788,2.0,52,0.004609272339558,770
972,306,758,2.0,53,0.223969438163764,770
973,326,801,2.0,8,0.056947819847108,770
974,306,768,2.0,52,0.724834830802012,770
975,306,768,2.0,52,0.775661963276853,770
976,306,758,2.0,51,0.995522057956199,770
977,306,708,2.0,30,0.845305554540039,770
978,306,698,2.0,0,0.990829120393872,770
979,381,744,3.0,25,0.375076706539748,760
980,306,738,2.0,27,0.035054248642894,770
981,306,708,2.0,24,0.926540439858866,770
982,306,768,2.0,53,0.997476388301609,770
983,306,758,2.0,60,0.114576379193769,770
984,35915,700,11.0,32,0.0,720
985,35915,700,11.0,23,0.431395402292435,720
986,44924,760,7.0,36,0.301270288467176,740
987,44924,760,7.0,25,0.992142416325243,740
988,306,718,2.0,24,0.087850494619022,770
989,326,801,2.0,43,0.94269475563071,770
990,306,788,2.0,50,0.025825893084209,770
991,306,778,2.0,33,0.0,770
992,306,718,2.0,28,0.0,770
993,55772,734,22.0,24,0.909475608409515,700
994,306,768,2.0,57,0.007733338706706,770
995,306,768,2.0,56,0.298421302013823,770
996,306,718,2.0,26,0.990304481114628,770
997,55772,734,22.0,24,0.671682315483662,700
998,55772,734,22.0,28,0.111683365961912,700
999,326,801,2.0,21,0.099185137042854,770
1000,306,718,2.0,29,0.013521400490892,770
1001,326,801,2.0,25,0.043317784535254,770
1002,381,744,3.0,27,0.788367013112644,760
1003,306,778,2.0,35,0.741901767965527,770
1004,306,788,2.0,41,0.949898979997064,770
1005,55772,734,22.0,41,0.356266933488423,700
1006,55772,734,22.0,34,0.047527412957917,700
1007,306,778,2.0,34,0.0,770
1008,55772,734,22.0,28,0.996197395096727,700
1009,55772,744,11.0,25,0.304211481524658,720
1010,44924,704,7.0,23,0.0081994358568,740
1011,44924,704,7.0,25,0.248682899078359,740
1012,35915,741,11.0,31,0.984259663074623,720
1013,55772,734,22.0,32,0.460651076589186,700
1014,60569,754,10.0,44,0.240977653341377,720
1015,55772,734,0.0,26,0.836565657885282,800
1016,306,758,2.0,-7,0.259197917672284,770
1017,55772,734,22.0,34,0.106891258284962,700
1018,306,778,2.0,33,0.991850168482094,770
1019,55772,734,22.0,30,0.332253555060137,700
1020,306,778,2.0,36,0.000974595690627,770
1021,326,801,2.0,29,0.023490296141653,770
1022,326,801,2.0,36,0.494426708646153,770
1023,326,801,2.0,36,0.0,770
1024,326,801,2.0,38,0.033884530839668,770
1025,326,801,2.0,41,0.000502606045933,770
1026,326,801,2.0,27,0.286089263081467,770
1027,381,744,3.0,24,0.976699101740696,760
1028,326,801,2.0,31,0.990545048369403,770
1029,44924,704,7.0,26,0.647577188839325,740
1030,326,801,2.0,31,0.000914717057487,770
1031,381,744,3.0,26,0.995092356731009,760
1032,306,768,2.0,50,0.022418448878584,770
1033,55772,734,22.0,29,0.447821097145142,700
1034,381,744,3.0,25,0.203273737194205,760
1035,326,801,2.0,28,0.84456165122292,770
1036,326,801,2.0,40,0.0,770
1037,326,801,2.0,37,0.0,770
1038,381,744,3.0,28,0.074318001488829,760
1039,381,744,3.0,27,0.990187889038464,760
1040,306,778,2.0,51,0.637925653001567,770
1041,44924,704,7.0,25,0.09114738140928,740
1042,306,778,2.0,53,0.402564906344991,770
1043,306,778,2.0,53,0.467850282499119,770
1044,306,778,2.0,51,0.0,770
1045,326,801,2.0,39,0.0,770
1046,306,708,2.0,25,0.998934916153393,770
1047,82,775,1.0,54,0.435828427922452,780
1048,326,801,2.0,39,0.003266168315865,770
1049,326,801,2.0,41,5.3680733836e-05,770
1050,381,744,3.0,25,0.986876824356256,760
1051,381,744,3.0,27,0.998123803702292,760
1052,326,801,2.0,37,0.975672707979876,770
1053,326,801,2.0,31,0.990545048369403,770
1054,326,801,2.0,42,0.253048519517915,770
1055,306,778,2.0,50,0.981048032093037,770
1056,381,744,3.0,27,0.995053970346718,760
1057,381,744,3.0,27,0.048160544144241,760
1058,326,801,2.0,8,0.366704096691147,770
1059,44924,704,7.0,29,0.026286340553378,740
1060,381,744,3.0,28,0.994268628363521,760
1061,381,744,3.0,27,0.98957099714407,760
1062,381,744,3.0,28,0.720626772872296,760
1063,381,744,3.0,27,0.360442061045404,760
1064,381,744,3.0,27,0.331960570765105,760
1065,306,768,2.0,50,0.254941058457475,770
1066,381,744,3.0,25,1.000028701300646,760
1067,381,744,3.0,25,0.944047219968094,760
1068,44924,704,7.0,24,0.92705403679954,740
1069,326,801,2.0,11,0.663055262114983,770
1070,381,744,3.0,26,0.993654976458267,760
1071,381,744,3.0,29,0.389635504065004,760
1072,306,768,2.0,55,0.560001308227655,770
1073,381,744,3.0,29,0.999202465524446,760
1074,326,801,2.0,8,0.997885584426795,770
1075,306,778,2.0,50,0.0,770
1076,306,778,2.0,49,0.012234602442452,770
1077,306,778,2.0,49,0.56065061018461,770
1078,306,758,2.0,58,0.109528017090803,770
1079,326,801,2.0,8,0.934728549674865,770
1080,361,739,5.0,2,0.181281014989512,750
1081,381,744,3.0,26,0.933041598940306,760
1082,381,744,3.0,27,0.995835841308624,760
1083,381,744,3.0,28,0.685363327882529,760
1084,326,801,2.0,41,0.0,770
1085,381,744,3.0,27,1.000989361321323,760
1086,306,758,2.0,56,0.134490238611714,770
1087,381,744,3.0,27,0.570016369368484,760
1088,381,744,3.0,26,0.81876311884557,760
1089,306,778,2.0,40,0.932407500863752,770
1090,381,744,3.0,28,0.163898980353449,760
1091,58480,704,13.0,9,0.039360836260846,710
1092,326,801,2.0,37,0.015340970667744,770
1093,326,801,2.0,31,0.445349191296789,770
1094,55772,734,0.0,33,0.478826065550795,800
1095,381,744,3.0,29,0.720626772872296,760
1096,326,801,2.0,26,0.946856130435263,770
1097,326,801,2.0,11,0.528541265203788,770
1098,326,801,2.0,32,0.15166277283941,770
1099,306,698,2.0,26,0.361824003082033,770
1100,381,744,3.0,24,0.0,760
1101,326,801,2.0,40,0.966335119851521,770
1102,55772,734,22.0,33,0.979502392528067,700
1103,381,744,3.0,25,0.602201392177058,760
1104,381,744,3.0,27,0.554213493390854,760
1105,381,744,3.0,26,1.002932022316069,760
1106,326,801,2.0,39,0.998053956227879,770
1107,326,801,2.0,9,0.228610914464263,770
1108,326,801,2.0,40,0.000260972899183,770
1109,326,801,2.0,29,0.99760830282182,770
1110,381,744,3.0,28,0.993081932126621,760
1111,381,744,3.0,28,0.938793886363183,760
1112,326,801,2.0,26,0.997533414394832,770
1113,55772,744,11.0,25,0.994343630109884,720
1114,381,744,3.0,25,0.959767893234096,760
1115,306,768,2.0,51,0.998490265074394,770
1116,44924,760,7.0,28,1.009202045910455,740
1117,306,778,2.0,46,0.139358360678607,770
1118,55772,734,22.0,23,0.994962555109463,700
1119,326,801,2.0,9,0.200852529961599,770
1120,381,744,3.0,25,0.570016369368484,760
1121,326,801,2.0,24,0.149176789715032,770
1122,306,698,2.0,35,0.941081579929761,770
1123,381,744,3.0,25,0.04008278003004,760
1124,381,744,3.0,25,0.996407851136492,760
1125,326,801,2.0,25,0.922406252052276,770
1126,306,708,2.0,28,0.048160544144241,770
1127,381,744,3.0,25,0.647577188839325,760
1128,306,698,2.0,34,0.119508612674047,770
1129,381,744,3.0,25,0.95130317680955,760
1130,381,744,3.0,24,0.392327405214167,760
1131,381,744,3.0,26,0.232242105511295,760
1132,381,744,3.0,26,0.997659639336574,760
1133,381,744,3.0,28,0.293082608806458,760
1134,381,744,3.0,26,0.39338827483599,760
1135,381,744,3.0,28,0.84456165122292,760
1136,381,744,3.0,27,0.0,760
1137,306,768,2.0,57,0.003370016008688,770
1138,44924,760,7.0,30,0.050832802325304,740
1139,12711,720,14.0,10,0.305771516266321,710
1140,381,744,3.0,28,0.048160544144241,760
1141,306,778,2.0,49,0.0,770
1142,306,788,2.0,48,0.682439263496049,770
1143,381,744,3.0,26,0.173645005723041,760
1144,326,801,2.0,8,0.98349986055052,770
1145,326,801,2.0,29,0.795346092208687,770
1146,326,801,2.0,11,0.220694508598745,770
1147,381,744,3.0,28,0.984723076279928,760
1148,381,744,3.0,29,0.851930540893646,760
1149,306,718,2.0,-2,0.970746187629952,770
1150,381,744,3.0,29,0.000584136446543,760
1151,306,758,2.0,-7,0.995303416509418,770
1152,306,768,2.0,60,0.980656970165054,770
1153,306,698,2.0,0,0.402284392461413,770
1154,306,718,2.0,-2,0.458771040639663,770
1155,326,801,2.0,29,0.504120000724457,770
1156,44924,704,7.0,26,0.645942690082131,740
1157,306,738,2.0,2,0.483003556881984,770
1158,381,744,3.0,27,1.000028701300646,760
1159,381,744,3.0,27,0.998739106761128,760
1160,326,801,2.0,24,0.0,770
1161,306,778,2.0,49,0.46292985716171,770
1162,381,744,3.0,27,0.452418812860124,760
1163,381,744,3.0,28,0.998161284957546,760
1164,306,788,2.0,47,0.050997677912434,770
1165,381,744,3.0,28,0.997579837041229,760
1166,381,744,3.0,27,0.402125165881478,760
1167,306,758,2.0,54,0.515870061584153,770
1168,381,744,3.0,28,0.181471393271774,760
1169,381,744,3.0,26,0.167390620771078,760
1170,306,708,2.0,34,0.001177159968184,770
1171,381,744,3.0,25,0.95130317680955,760
1172,306,768,2.0,52,0.077476236229703,770
1173,306,768,2.0,52,0.028053340470766,770
1174,44924,704,7.0,26,0.081822945536777,740
1175,306,778,2.0,36,0.493912428056335,770
1176,306,788,2.0,51,0.853428965539012,770
1177,381,744,3.0,27,0.997937446712308,760
1178,306,788,2.0,49,0.003066227587852,770
1179,326,801,2.0,32,0.283323293353869,770
1180,326,801,2.0,11,0.980196269655679,770
1181,326,801,2.0,39,0.550165271408672,770
1182,306,748,2.0,44,0.997299147625519,770
1183,326,801,2.0,39,0.055774358298972,770
1184,326,801,2.0,28,0.993234721361782,770
1185,55772,734,22.0,30,0.584933269530407,700
1186,44924,704,7.0,25,0.824362339040998,740
1187,306,768,2.0,31,0.283848248139481,770
1188,381,744,3.0,28,0.851930540893646,760
1189,381,744,3.0,26,0.075482485633978,760
1190,306,768,2.0,-7,0.003250499303019,770
1191,381,744,3.0,27,0.325335111050472,760
1192,381,744,3.0,29,0.720626772872296,760
1193,381,744,3.0,29,0.898876808735855,760
1194,326,801,2.0,33,0.998752344133444,770
1195,326,801,2.0,8,0.356272552696503,770
1196,326,801,2.0,42,0.995153462469323,770
1197,326,801,2.0,44,0.996085527315183,770
1198,55772,734,22.0,31,0.122736744827792,700
1199,306,778,2.0,36,0.997343502816223,770
1200,326,801,2.0,38,0.0,770
1201,306,778,2.0,50,0.969070395885265,770
1202,306,788,2.0,48,0.125009862651202,770
1203,306,788,2.0,49,0.0,770
1204,326,801,2.0,31,0.997480675574652,770
1205,306,698,2.0,32,0.997516669976717,770
1206,306,708,2.0,-3,0.243445578971722,770
1207,326,801,2.0,31,0.518395278569456,770
1208,306,778,2.0,38,0.0,770
1209,306,788,2.0,45,0.997015118155361,770
1210,306,778,2.0,45,0.684328065813193,770
1211,326,801,2.0,40,0.513175657886629,770
1212,326,801,2.0,31,0.445349191296789,770
1213,326,801,2.0,29,0.685363327882529,770
1214,326,801,2.0,31,0.996304407942739,770
1215,326,801,2.0,10,0.632930563757091,770
1216,326,801,2.0,8,0.997226636824997,770
1217,326,801,2.0,27,0.489409972529725,770
1218,306,788,2.0,44,0.178641178068048,770
1219,306,768,2.0,46,0.969289420228535,770
1220,306,778,2.0,45,0.0,770
1221,306,788,2.0,46,0.984646190033428,770
1222,326,801,2.0,25,0.463825051402843,770
1223,326,801,2.0,39,0.459221561209777,770
1224,326,801,2.0,5,0.998479945005001,770
1225,326,801,2.0,10,0.160281993875738,770
1226,326,801,2.0,27,0.360442061045404,770
1227,55772,734,0.0,41,0.0,800
1228,306,788,2.0,50,0.596564478126909,770
1229,306,778,2.0,46,0.031529399609671,770
1230,306,758,2.0,47,0.354298656115245,770
1231,326,801,2.0,36,0.157561940192554,770
1232,326,801,2.0,11,0.305771516266321,770
1233,306,788,2.0,47,0.271852251971225,770
1234,306,788,2.0,46,0.412288305027762,770
1235,306,788,2.0,47,0.083048550245014,770
1236,306,788,2.0,48,0.0,770
1237,381,744,3.0,26,0.965991942367263,760
1238,326,801,2.0,31,0.0,770
1239,326,801,2.0,26,0.659852417134743,770
1240,326,801,2.0,17,0.586386443334019,770
1241,326,801,2.0,28,0.517717381550239,770
1242,55772,734,0.0,33,0.614599108349139,800
1243,306,778,2.0,48,0.20389124791024,770
1244,55772,744,11.0,25,0.239494856953734,720
1245,381,744,3.0,26,0.965991942367263,760
1246,306,788,2.0,50,0.414753961801437,770
1247,306,768,2.0,51,0.0,770
1248,55772,734,22.0,24,0.376665921867376,700
1249,326,801,2.0,52,0.233544377600201,770
1250,326,801,2.0,9,0.792447663938151,770
1251,55772,734,22.0,30,0.064390550551717,700
1252,326,801,2.0,36,0.960717674165541,770
1253,381,744,3.0,27,0.654330531089868,760
1254,326,801,2.0,37,0.00097269987934,770
1255,326,801,2.0,11,0.992447324665648,770
1256,306,778,2.0,44,0.969625761895242,770
1257,306,778,2.0,43,0.001572275771908,770
1258,55772,744,0.0,25,0.152857900958143,800
1259,326,801,2.0,32,0.301135544490337,770
1260,326,801,2.0,31,0.0,770
1261,326,801,2.0,27,0.996480924647418,770
1262,306,778,2.0,50,0.414753961801437,770
1263,326,801,2.0,39,0.996301748129895,770
1264,306,788,2.0,46,0.586441292422632,770
1265,306,768,2.0,46,0.996746576289924,770
1266,381,744,3.0,28,0.013688728643881,760
1267,381,744,3.0,28,1.001111407099276,760
1268,306,788,2.0,43,0.641159618097065,770
1269,306,778,2.0,44,0.746615620085301,770
1270,326,801,2.0,45,0.279809076899021,770
1271,306,778,2.0,46,0.994898160548287,770
1272,306,788,2.0,47,0.000116772014457,770
1273,306,788,2.0,47,0.0,770
1274,306,788,2.0,47,0.600052068225591,770
1275,55772,734,0.0,31,0.000325681815741,800
1276,381,744,3.0,28,0.658443987473399,760
1277,306,708,2.0,44,0.952842066263065,770
1278,306,788,2.0,47,0.116143021490037,770
1279,306,788,2.0,47,0.126053437911623,770
1280,326,801,2.0,35,0.997207809577213,770
1281,306,788,2.0,45,0.992195660896849,770
1282,326,801,2.0,44,0.9805177703454,770
1283,306,748,2.0,42,0.997155434613689,770
1284,55772,734,22.0,44,0.0,700
1285,55772,734,22.0,41,0.902394105943422,700
1286,326,801,2.0,8,0.230448958800592,770
1287,306,778,2.0,47,0.996855927215186,770
1288,306,768,2.0,50,0.000896695579787,770
1289,306,748,2.0,-7,0.281029573901958,770
1290,381,744,3.0,26,0.00253089865106,760
1291,381,744,3.0,26,0.998714396155091,760
1292,381,744,3.0,28,0.90607536972172,760
1293,381,744,3.0,24,0.996058872525098,760
1294,326,801,2.0,10,0.953032897688234,770
1295,306,778,2.0,47,0.998582556749721,770
1296,306,788,2.0,32,0.445349191296789,770
1297,306,738,2.0,42,0.997269291383255,770
1298,381,744,3.0,24,0.116245619135659,760
1299,381,744,3.0,25,0.959458884819488,760
1300,326,801,2.0,39,0.052398585133645,770
1301,326,801,2.0,32,0.301135544490337,770
1302,55772,734,0.0,32,0.9955437617137,800
1303,326,801,2.0,25,0.126845968601339,770
1304,306,788,2.0,47,0.806181200605191,770
1305,55772,734,11.0,26,0.000221071227765,720
1306,381,744,3.0,26,0.0,760
1307,55772,734,0.0,28,0.830440874570331,800
1308,326,801,2.0,40,8.2174797258e-05,770
1309,381,744,3.0,27,0.9538477372267,760
1310,326,801,2.0,34,0.997484599437109,770
1311,55772,734,22.0,40,0.965868066066272,700
1312,306,768,2.0,40,0.000260972899183,770
1313,381,744,3.0,26,0.994891990568816,760
1314,55772,734,22.0,44,0.9991903907155,700
1315,306,758,2.0,46,0.996855927215186,770
1316,326,801,2.0,37,0.116698485289519,770
1317,381,744,3.0,29,0.996915901149273,760
1318,381,744,3.0,26,0.106557815623782,760
1319,306,778,2.0,44,0.0,770
1320,381,744,3.0,24,0.994679003799116,760
1321,381,744,3.0,29,0.997752267801236,760
1322,381,744,3.0,26,0.996407851136492,760
1323,381,744,3.0,27,0.961358664536961,760
1324,306,758,2.0,43,0.263302063603327,770
1325,306,718,2.0,44,0.010879456412223,770
1326,326,801,2.0,8,0.591149056272846,770
1327,381,744,3.0,28,0.0,760
1328,306,748,2.0,45,0.930587522340913,770
1329,306,768,2.0,46,0.918968687679677,770
1330,44924,704,7.0,26,0.994891990568816,740
1331,44924,704,7.0,27,0.994836608484637,740
1332,381,744,3.0,27,0.292052248461381,760
1333,55772,734,0.0,32,0.0,800
1334,55772,734,0.0,32,0.999213598160332,800
1335,44924,760,7.0,29,0.691925055938627,740
1336,306,778,2.0,46,0.992195660896849,770
1337,306,758,2.0,45,0.119870345476013,770
1338,306,788,2.0,46,0.0,770
1339,306,748,2.0,47,0.033106088482293,770
1340,306,768,2.0,43,0.998659029782737,770
1341,306,748,2.0,44,0.189397120656812,770
1342,55772,734,0.0,32,0.006353879526432,800
1343,306,778,2.0,44,0.0,770
1344,35915,741,11.0,31,0.884863783171182,720
1345,55772,734,0.0,32,0.198740781271462,800
1346,381,744,3.0,26,0.093184516033903,760
1347,55772,734,0.0,28,0.001248235754797,800
1348,306,768,2.0,53,0.999113262840368,770
1349,55772,734,0.0,30,0.992526570152614,800
1350,306,738,2.0,23,0.203273737194205,770
1351,306,778,2.0,46,0.0,770
1352,306,788,2.0,46,0.009248765423107,770
1353,306,788,2.0,47,0.0,770
1354,306,788,2.0,46,0.125009862651202,770
1355,306,788,2.0,46,0.684328065813193,770
1356,381,744,3.0,26,0.834339800025098,760
1357,55772,734,22.0,32,0.998874606737471,700
1358,381,744,3.0,28,0.993302158429323,760
1359,381,744,3.0,26,0.994341187296431,760
1360,326,801,2.0,23,0.504430830941554,770
1361,326,801,2.0,40,0.406330341536712,770
1362,381,744,3.0,27,0.998739106761128,760
1363,381,744,3.0,26,0.15502863572117,760
1364,381,744,3.0,28,0.624164885112109,760
1365,381,744,3.0,27,0.292052248461381,760
1366,381,744,3.0,27,0.128166109604591,760
1367,381,744,3.0,29,0.064210372988563,760
1368,306,738,2.0,43,0.435355734566509,770
1369,306,788,2.0,44,0.524339300943571,770
1370,306,758,2.0,45,0.262205419685983,770
1371,381,744,3.0,25,0.266415740975343,760
1372,306,778,2.0,45,0.9769686700051,770
1373,381,744,3.0,24,0.0,760
1374,381,744,3.0,26,0.130345425090372,760
1375,306,708,2.0,44,0.257309135610334,770
1376,326,801,2.0,11,0.402469536009998,770
1377,306,778,2.0,47,0.0,770
1378,306,788,2.0,46,0.176911867755358,770
1379,306,778,2.0,46,7.6508779037e-05,770
1380,306,788,2.0,47,0.167756862791729,770
1381,55772,734,15.12,23,0.31212159170569,705
1382,381,744,3.0,27,0.994343630109884,760
1383,306,788,2.0,47,0.834717345806008,770
1384,326,801,2.0,35,0.991201727176274,770
1385,326,801,2.0,31,0.978443710315529,770
1386,12711,720,14.0,9,0.183166036029604,710
1387,381,744,3.0,24,0.149477864802351,760
1388,381,744,3.0,26,0.097222350398402,760
1389,381,744,3.0,26,1.001248857970941,760
1390,326,801,2.0,23,0.267581768109262,770
1391,55772,734,22.0,27,0.447821097145142,700
1392,306,718,2.0,44,0.0,770
1393,55772,734,0.0,43,0.995647921417381,800
1394,55772,734,0.0,32,0.995323507153106,800
1395,100069,754,8.0,1,0.00089892351943,730
1396,326,801,2.0,17,0.586386443334019,770
1397,381,744,3.0,28,0.990649064067772,760
1398,381,744,3.0,26,0.991993420329421,760
1399,381,744,3.0,27,0.117861947087317,760
1400,381,744,3.0,26,0.997533414394832,760
1401,381,744,3.0,28,0.851915725370491,760
1402,381,744,3.0,27,0.99116007106597,760
1403,381,744,3.0,26,0.91113726594099,760
1404,381,744,3.0,28,0.886874778448205,760
1405,381,744,3.0,25,0.007778567672321,760
1406,306,738,2.0,45,0.996205270927359,770
1407,306,768,2.0,48,0.005999875739188,770
1408,326,801,2.0,41,0.001483529037264,770
1409,381,744,3.0,27,0.991473131454409,760
1410,381,744,3.0,26,0.104750098506183,760
1411,35915,741,11.0,23,0.463462243537414,720
1412,44924,760,7.0,25,1.001248857970941,740
1413,44924,760,7.0,31,0.441974309084886,740
1414,44924,760,7.0,31,0.99760830282182,740
1415,44924,760,7.0,31,0.777283165484891,740
